depth	Txr0	Txr1	thk	Tmr0	Tmr1	TSr0	TSr1	TSr2	TSr3	Entropy
1.0588433	0.0995457842946	-1.18758261204	-0.0836267042194	-0.120103508234	-1.05427002907	0.201347649097	-0.168077558279	0.840387821198	0.182698607445	3.94998613673
1.0588344	0.0996773317456	-1.18758416176	-1.55865436159	0.0330047160387	-1.34790635109	0.201420247555	-0.168056383729	0.840281963348	0.182694554329	3.94985616788
1.0588267	0.0998088642955	-1.1875846386	-1.56671937936	0.113288022578	-1.27300095558	0.201492786407	-0.168035179377	0.840175926685	0.182690501213	3.94972583336
1.0588175	0.099940314889	-1.18758666515	-1.55564341256	0.11698153615	-1.19197762012	0.201564729214	-0.168013840914	0.840069234371	0.18268597126	3.94959309985
1.0587857	0.10007108748	-1.18761122227	-1.38520572288	0.104214258492	-1.17420494556	0.201630473137	-0.16799031198	0.839951634407	0.182675421238	3.94942654715
1.058777	0.100202471018	-1.18761265278	-1.55953528545	0.0987595766783	-1.18179416656	0.201702594757	-0.167969048023	0.839845359325	0.182671070099	3.94929495005
1.0559589	0.0984692126513	-1.1903731823	0.560656895735	0.0970862656832	-1.18856859207	0.199895977974	-0.167966529727	0.839832723141	0.181922733784	3.94657169826
1.0482718	0.100045986474	-1.19238352776	-0.665119742574	0.0988218188286	-1.19416964054	0.198293447495	-0.167048290372	0.835241556168	0.179801940918	3.9338084222
1.0381796	0.0971748903394	-1.1948479414	0.861463526644	0.0973802134395	-1.19335579872	0.193290293217	-0.166611194611	0.833056032658	0.177077054977	3.92142764503
1.0146667	0.0947383791208	-1.20385873318	0.264084860939	0.0934897363186	-1.19988632202	0.183444499969	-0.165027618408	0.825138092041	0.170672535896	3.88885988236
0.9926994	0.0981941893697	-1.20076692104	0.840927254474	0.097214654088	-1.20444571972	0.177786231041	-0.162558928132	0.812794566154	0.164681255817	3.85191604202
0.9809171	0.100596405566	-1.19469881058	0.376946954445	0.101576022804	-1.19899821281	0.174884438515	-0.161182418466	0.805912077427	0.161489486694	3.83148498286
0.9806099	0.101636782289	-1.18866717815	0.170804340277	0.103289633989	-1.1903835535	0.175313293934	-0.161020129919	0.805100619793	0.161410450935	3.83018117023
0.98050207	0.10122153163	-1.18875813484	1.3550591535	0.101845286787	-1.18735480309	0.175012469292	-0.161076158285	0.805380702019	0.161379277706	3.83041042271
0.9804878	0.0996819213033	-1.1887280941	-1.55132414955	0.0998368039727	-1.18676149845	0.174003899097	-0.161325529218	0.806627631187	0.161367297173	3.83191054107
0.9805633	0.0998269245028	-1.18864440918	1.04724897872	0.0995249077678	-1.18833255768	0.174112856388	-0.161311835051	0.806559145451	0.161388516426	3.8319053772
0.9805525	0.0999662429094	-1.18864667416	-1.55421642621	0.0998387038708	-1.18895196915	0.174195051193	-0.161289393902	0.806446969509	0.161386191845	3.83175788559
0.9805631	0.100106090307	-1.18862771988	1.43577962979	0.1001117751	-1.18889570236	0.174283325672	-0.161269262433	0.806346237659	0.161389648914	3.83164641981
0.98055136	0.10024549067	-1.18863105774	-1.54727429865	0.100264847279	-1.18878149986	0.174365222454	-0.161246657372	0.806233286858	0.161387264729	3.83149695292
0.98051715	0.100384414196	-1.18865680695	-1.38753504045	0.100383661687	-1.18877339363	0.174441039562	-0.161221638322	0.806108176708	0.161378800869	3.83130987542
0.98052776	0.100524224341	-1.18863785267	1.43579958625	0.100521542132	-1.18877291679	0.174529016018	-0.161201506853	0.806007504463	0.161382198334	3.83119813802
0.98051554	0.100663557649	-1.18864166737	-1.54341183143	0.100659914315	-1.18877732754	0.174610972404	-0.161178871989	0.805894374847	0.161379635334	3.83104822245
0.98048025	0.100802391768	-1.18866860867	-1.37917928673	0.100795023143	-1.18880093098	0.174686193466	-0.161153748631	0.805768787861	0.161370813847	3.83085912954
0.9804685	0.100941687822	-1.18867206573	-1.54637415928	0.100936822593	-1.18881094456	0.17476785183	-0.161131218076	0.805656075478	0.161368191242	3.83070981007
0.9804567	0.101080968976	-1.1886755228	-1.54615293351	0.101077578962	-1.18881344795	0.174849629402	-0.16110868752	0.805543422699	0.161365687847	3.8305608122
0.980444	0.0995628237724	-1.18864643574	-1.55161498149	0.0998531207442	-1.18745136261	0.173853397369	-0.161355242133	0.806776225567	0.161354243755	3.83204572282
0.98052335	0.0997038632631	-1.18855857849	1.01370391486	0.0995511859655	-1.18825948238	0.173960804939	-0.16134262085	0.806713163853	0.161376416683	3.83205097337
0.98051184	0.0998431220651	-1.18856155872	-1.54907725036	0.0997435748577	-1.18874824047	0.174042999744	-0.161320105195	0.806600511074	0.161374092102	3.83190258943
0.98049957	0.0999823510647	-1.18856537342	-1.54309156964	0.0999702736735	-1.18878746033	0.174124777317	-0.161297515035	0.806487500668	0.161371469498	3.83175271488
0.98048764	0.100121557713	-1.1885689497	-1.54553890828	0.100130446255	-1.18872618675	0.174206495285	-0.161274880171	0.806374430656	0.161368787289	3.83160243228
0.9804757	0.10026075691	-1.18857240677	-1.54615012334	0.100262843072	-1.18870222569	0.174288332462	-0.161252334714	0.806261658669	0.161366283894	3.83145323515
0.9804635	0.100399918854	-1.18857622147	-1.54363704839	0.100396335125	-1.18870711327	0.17437005043	-0.161229729652	0.806148648262	0.161363720894	3.83130331091
0.98045176	0.100539080799	-1.18857955933	-1.54699489923	0.100534744561	-1.1887152195	0.174452066422	-0.161207213998	0.806036055088	0.161361336708	3.8311547767
0.98043877	0.100678190589	-1.18858420849	-1.53780650398	0.100674271584	-1.18872094154	0.174533128738	-0.161184534431	0.805922687054	0.161358356476	3.83100299243
0.98045	0.100817777216	-1.18856453896	1.43115897824	0.100817926228	-1.18870544434	0.174621522427	-0.161164537072	0.80582267046	0.161362171173	3.83089349792
0.98041445	0.100956387818	-1.18859171867	-1.37683686734	0.100950524211	-1.1887216568	0.174696445465	-0.161139428616	0.805697083473	0.161353170872	3.83070396361
0.98042464	0.0994385629892	-1.18854010105	-1.53681666069	0.0997305065393	-1.18734931946	0.173706173897	-0.161388546228	0.80694270134	0.161347985268	3.83222831404
0.980485	0.0995790362358	-1.18847119808	1.11494511307	0.0994243249297	-1.18816792965	0.173808276653	-0.161373898387	0.806869447231	0.161364972591	3.8322016822
0.98049587	0.0997185483575	-1.18845188618	1.43316053261	0.0996215641499	-1.18864345551	0.173896253109	-0.161353826523	0.806769192219	0.161368608475	3.83209082076
0.98046094	0.0998571515083	-1.18847835064	-1.38244465359	0.0998428016901	-1.18869495392	0.173971712589	-0.161328777671	0.806643843651	0.161359846592	3.83190261344
0.9804483	0.0999961644411	-1.18848252296	-1.54120719079	0.100003734231	-1.18864059448	0.174053311348	-0.161306142807	0.806530714035	0.161357104778	3.83175205727
0.98043597	0.100135162473	-1.18848633766	-1.54330867774	0.100137151778	-1.18861722946	0.174134850502	-0.16128359735	0.806417942047	0.161354422569	3.83160233336
0.9804239	0.100274153054	-1.18848991394	-1.54485641833	0.100270822644	-1.18862092495	0.174216449261	-0.16126100719	0.80630505085	0.161351919174	3.83145252472
0.98041135	0.100413106382	-1.18849408627	-1.54070340408	0.100408755243	-1.1886292696	0.174298048019	-0.161238431931	0.806192159653	0.161349117756	3.83130247077
0.9831962	0.102270573378	-1.18573641777	0.592760763893	0.102408923209	-1.18770647049	0.176237940788	-0.161250934005	0.80625462532	0.162111163139	3.83425457677
1.0004306	0.106171861291	-1.1685782671	0.223571542134	0.108590982854	-1.1748265028	0.183308839798	-0.162529617548	0.812647998333	0.166783511639	3.8596134039
1.0220337	0.108592927456	-1.14702022076	0.111835901088	0.113166041672	-1.15182232857	0.190567970276	-0.164476469159	0.822382450104	0.172644019127	3.8929324939
1.0277967	0.107658326626	-1.1334297657	-0.068661168573	0.111751422286	-1.13207232952	0.189939379692	-0.165662378073	0.828311979771	0.1742400527	3.90564957366
1.0252905	0.112942963839	-1.11297512054	0.252830190298	0.115874052048	-1.11727440357	0.1895865798	-0.165311336517	0.826556742191	0.173550963402	3.90110032399
1.0325974	0.121088705957	-1.08600115776	0.293277103243	0.125234678388	-1.09579479694	0.195189654827	-0.16511926055	0.825596392155	0.175500035286	3.9071895137
1.0409194	0.132027238607	-1.05914485455	0.386781700484	0.136691451073	-1.07125151157	0.202114343643	-0.164722651243	0.823613286018	0.177687585354	3.91305415922
1.0502015	0.134640470147	-1.03817629814	0.12398720067	0.140535950661	-1.04243886471	0.205146551132	-0.165523692966	0.827618539333	0.180194795132	3.9268059484
1.0346398	0.136045917869	-1.03873229027	-1.19407557834	0.137553095818	-1.03569948673	0.200167000294	-0.164145976305	0.820729970932	0.17599105835	3.90348621068
1.0118307	0.133230552077	-1.0428031683	0.60505581802	0.132898256183	-1.03808033466	0.190491676331	-0.162691444159	0.813457250595	0.169857561588	3.87211833742
0.97559786	0.131747081876	-1.05205321312	0.159019932534	0.129716932774	-1.04889643192	0.176484942436	-0.159831300378	0.799156486988	0.160082876682	3.81774227652
0.94343454	0.134611040354	-1.04823219776	0.643198111327	0.133903816342	-1.0521671772	0.165771365166	-0.156691506505	0.783457577229	0.151447713375	3.76431100813
0.9320665	0.137686699629	-1.03471028805	0.223652551874	0.13977278769	-1.04023480415	0.164068937302	-0.15505258739	0.775263011456	0.148466050625	3.74172949135
0.93083435	0.134263828397	-1.03032135963	-0.662352355251	0.136694043875	-1.02750682831	0.16136610508	-0.155471771955	0.777358829975	0.148074448109	3.74301769006
0.9331804	0.136799260974	-1.02801883221	0.83349481646	0.136702492833	-1.02802443504	0.163684308529	-0.155344635248	0.776723206043	0.148742139339	3.74477768047
0.95332855	0.145472452044	-1.00809633732	0.41060177635	0.147056207061	-1.01802384853	0.174612224102	-0.156317129731	0.781585693359	0.154203355312	3.77262293715
0.97737336	0.156305447221	-0.984432935715	0.429317702914	0.159854203463	-0.997105240822	0.187677919865	-0.157323166728	0.786615848541	0.160659730434	3.80433555432
1.001751	0.16764074564	-0.960561215878	0.443319415833	0.171858564019	-0.9728282094	0.200815558434	-0.158205494285	0.791027545929	0.167128741741	3.83505830838
1.0207592	0.177407875657	-0.942072272301	0.486005705289	0.181115686893	-0.951768934727	0.211369633675	-0.158693492413	0.793467402458	0.172111749649	3.8574287582
1.0230187	0.183327019215	-0.932163238525	0.538466472449	0.185958713293	-0.937299907207	0.214001953602	-0.158368349075	0.791841685772	0.172686755657	3.85780240309
1.0188587	0.193308144808	-0.913463056087	0.490276909854	0.195470273495	-0.923329353333	0.215652883053	-0.157196432352	0.785982131958	0.171573758125	3.84662895568
1.032945	0.206935122609	-0.881934523582	0.407962752987	0.210834190249	-0.89817237854	0.225953876972	-0.156772986054	0.783864855766	0.175165235996	3.85848051809
1.0398479	0.220073163509	-0.862964391708	0.60571825033	0.223414957523	-0.87639862299	0.232829391956	-0.156012654305	0.780063331127	0.176870167255	3.86101457831
1.0560675	0.235700726509	-0.834415137768	0.500837159486	0.239243939519	-0.851572692394	0.243570148945	-0.155672416091	0.778362095356	0.180898964405	3.87534392773
1.0753068	0.244436845183	-0.811393618584	0.362689279338	0.249408498406	-0.822914600372	0.252280652523	-0.156342968345	0.78171479702	0.185709297657	3.898290832
1.0742494	0.246567130089	-0.803649783134	0.268454379577	0.250296980143	-0.804997801781	0.250727415085	-0.156629472971	0.783147335052	0.185480773449	3.89889747829
1.0650448	0.258393734694	-0.788051605225	0.648731759174	0.259000450373	-0.797440350056	0.250057935715	-0.155277431011	0.776387155056	0.183080434799	3.88200940529
1.0614916	0.275844663382	-0.764999508858	0.647979498738	0.27652785182	-0.783815801144	0.254686415195	-0.15330016613	0.766500890255	0.182029426098	3.86704260072
1.0557832	0.290658801794	-0.738861322403	0.515621604993	0.293855160475	-0.757699131966	0.256612956524	-0.151765853167	0.75882935524	0.180511295795	3.85241682122
1.052459	0.299997717142	-0.716607570648	0.397335088943	0.304620325565	-0.728626251221	0.257400333881	-0.150972977281	0.754864931107	0.179643809795	3.84445049427
1.0430638	0.313245594501	-0.695991754532	0.571160960862	0.315897941589	-0.708217382431	0.257566034794	-0.149349451065	0.746747374535	0.177258968353	3.82540449639
1.0481044	0.324019610882	-0.665818452835	0.342960533829	0.3281866014	-0.679418802261	0.262800395489	-0.148621186614	0.743106007576	0.178425371647	3.82635424683
1.0426577	0.331376254559	-0.648827910423	0.408614119484	0.335070431232	-0.656606078148	0.261690795422	-0.148046299815	0.740231573582	0.177081525326	3.81740059569
1.0478952	0.345759272575	-0.623839318752	0.522273277363	0.347725123167	-0.637548327446	0.267348051071	-0.14720711112	0.736035645008	0.178279519081	3.81793410766
1.0497627	0.360618442297	-0.600846350193	0.573734116474	0.362482279539	-0.616828799248	0.271630644798	-0.146206557751	0.731032788754	0.17865395546	3.81406355987
1.0635048	0.371902763844	-0.572578787804	0.379813589416	0.375758618116	-0.587523519993	0.278344869614	-0.146396040916	0.731980264187	0.181901216507	3.82926568302
1.0709897	0.383336186409	-0.55387198925	0.548607197476	0.386100828648	-0.565582334995	0.283519566059	-0.145997300744	0.729986548424	0.18361055851	3.83459379757
1.0701084	0.39537742734	-0.535101056099	0.570364765545	0.397149175406	-0.547419846058	0.285834610462	-0.145116105676	0.725580573082	0.183321356773	3.82864905844
1.0737501	0.407026410103	-0.510101854801	0.436058098537	0.409572333097	-0.524119496346	0.288976967335	-0.144707605243	0.72353798151	0.18412232399	3.83001498143
1.0747784	0.41479203105	-0.490245461464	0.372800866872	0.41817176342	-0.500260651112	0.290181279182	-0.144488528371	0.722442686558	0.184336841106	3.82980738123
1.065217	0.423485189676	-0.47288736701	0.464297894582	0.425886183977	-0.481686323881	0.288011193275	-0.143618673086	0.718093454838	0.182054519653	3.81506487386
1.0607047	0.436777621508	-0.451191097498	0.549676626176	0.437968105078	-0.46446377039	0.289454519749	-0.142417386174	0.71208691597	0.180915176868	3.80352363829
1.049111	0.448520869017	-0.431958466768	0.548170199405	0.450066119432	-0.445189446211	0.287912786007	-0.141008719802	0.705043673515	0.178149700165	3.78334889806
1.0338688	0.45948562026	-0.412542581558	0.514082534547	0.461355417967	-0.424809962511	0.284872293472	-0.139466717839	0.697333693504	0.174560248852	3.75831048032
1.0151783	0.474447637796	-0.389768064022	0.581254758459	0.475572884083	-0.404724150896	0.281730353832	-0.137370616198	0.686853170395	0.170186161995	3.72593671656
1.0198535	0.490661710501	-0.352628976107	0.41163546109	0.49345228076	-0.371855288744	0.286670029163	-0.136597439647	0.682987213135	0.171241402626	3.72652706644
1.036204	0.500625491142	-0.324335843325	0.338600527922	0.505037844181	-0.337569802999	0.293398201466	-0.137142971158	0.685714900494	0.174984514713	3.74735756678
1.034298	0.503830492496	-0.3141477108	0.304781697956	0.507396519184	-0.317407995462	0.292300343513	-0.137182429433	0.685912191868	0.174553930759	3.74554106095
1.0324556	0.521571874619	-0.290349930525	0.640618997047	0.521057665348	-0.304687708616	0.295559227467	-0.135835677385	0.679178535938	0.17407733202	3.73577423289
1.043795	0.533537089825	-0.260976731777	0.386827069602	0.535714626312	-0.277172625065	0.301275610924	-0.135830581188	0.67915302515	0.176625311375	3.7479181976
1.0466055	0.543512225151	-0.242991343141	0.50638743387	0.545781314373	-0.254336178303	0.303387105465	-0.135595217347	0.677976071835	0.17723941803	3.74956549776
1.0619926	0.558174967766	-0.213250547647	0.458045483605	0.55990666151	-0.22908693552	0.310368537903	-0.135771378875	0.67885684967	0.180668115616	3.76685187157
1.0766016	0.56904143095	-0.193316966295	0.499099164723	0.571011841297	-0.20610550046	0.316736876965	-0.1359731704	0.679865896702	0.183900654316	3.78323448574
1.0829917	0.57827091217	-0.173823773861	0.442200175959	0.58034569025	-0.184745401144	0.319389939308	-0.136091336608	0.680456697941	0.185310423374	3.79050044019
1.101104	0.590866088867	-0.147706329823	0.449348738849	0.59247893095	-0.161891460419	0.326876759529	-0.136389270425	0.681946396828	0.189280807972	3.81066025135
1.1029729	0.597135126591	-0.136241182685	0.500377695182	0.599106788635	-0.144281357527	0.32778519392	-0.136367887259	0.681839466095	0.189681887627	3.81242941197
1.0998709	0.610939741135	-0.11805408448	0.649257442771	0.610593080521	-0.13101555407	0.329278230667	-0.135343596339	0.676717996597	0.188883423805	3.80355208122
1.0911036	0.625355243683	-0.0964685603976	0.588808240807	0.62514102459	-0.112829066813	0.328559577465	-0.134194776416	0.670973956585	0.186860859394	3.78816277333
1.0973614	0.638543009758	-0.0676402002573	0.429039006385	0.6401283741	-0.0851044207811	0.332656860352	-0.133740901947	0.668704509735	0.188149154186	3.79202575329
1.0910552	0.647832870483	-0.053013946861	0.565863391839	0.649546921253	-0.0641317516565	0.331739902496	-0.133059948683	0.665299773216	0.186722457409	3.78174957991
1.0908817	0.664816319942	-0.0257194936275	0.55660479608	0.664796590805	-0.0429830923676	0.333960473537	-0.132239893079	0.661199510098	0.186593592167	3.77697835732
1.1042894	0.677222490311	0.00350039754994	0.401515156141	0.679158091545	-0.0135313645005	0.339473903179	-0.132389128208	0.661945641041	0.189454078674	3.7915445943
1.1090308	0.685451567173	0.0224416218698	0.409851269052	0.688074469566	0.011417677626	0.341028928757	-0.132576569915	0.662882864475	0.190479099751	3.79740107415
1.1231881	0.697552263737	0.0478060431778	0.445137997339	0.699101686478	0.0344710834324	0.346465706825	-0.132820799947	0.664104044437	0.193488240242	3.81299609141
1.129138	0.706886708736	0.0669867694378	0.452917894862	0.708497166634	0.0554777495563	0.348560094833	-0.132982522249	0.664912700653	0.194757163525	3.81981667519
1.1508869	0.723603546619	0.0966291427612	0.51349013323	0.723681569099	0.0783762186766	0.357360959053	-0.133081391454	0.665406942368	0.199289500713	3.84174395443
1.1722932	0.73696488142	0.116111896932	0.601134198113	0.73713773489	0.0995738506317	0.365554094315	-0.133258789778	0.666293978691	0.203718662262	3.86334116273
1.1888242	0.747743904591	0.136825710535	0.479817316872	0.748784422874	0.122023120522	0.371175825596	-0.133612394333	0.668061971664	0.20715790987	3.8809101182
1.2006066	0.757226407528	0.155741408467	0.464689619865	0.758571565151	0.14302533865	0.37519288063	-0.133831098676	0.669155538082	0.209591448307	3.89309933059
1.194103	0.75974714756	0.167386814952	0.213169989215	0.762573003769	0.161524713039	0.372346639633	-0.133965954185	0.669829845428	0.208306849003	3.88776803321
1.1855497	0.778583586216	0.188550382853	0.727284995054	0.776202142239	0.17236353457	0.372513890266	-0.132566124201	0.662830650806	0.206268131733	3.87216477296
1.1810322	0.790306448936	0.212303772569	0.458453887213	0.790343463421	0.194783002138	0.371700763702	-0.132187217474	0.660936117172	0.205274760723	3.86583939916
1.17638	0.802539587021	0.234470158815	0.504283799621	0.803239405155	0.218334555626	0.371138453484	-0.131685763597	0.65842884779	0.204230487347	3.85869834968
1.1771449	0.818127989769	0.261250704527	0.527138903313	0.818211913109	0.242715016007	0.372602939606	-0.131219342351	0.656096756458	0.204289793968	3.85690027944
1.1957198	0.834688425064	0.292942047119	0.481527723325	0.835025072098	0.271680951118	0.379669249058	-0.131249606609	0.656248092651	0.208023905754	3.87462642283
1.21259	0.842257082462	0.313132554293	0.358650893813	0.844946324825	0.299592941999	0.38435280323	-0.131934911013	0.659674584866	0.211543738842	3.89399372602
1.2116746	0.845091044903	0.324986577034	0.234667526356	0.848394215107	0.319521635771	0.38322532177	-0.132260784507	0.661303877831	0.21144002676	3.89489746329
1.2082679	0.861940264702	0.347270637751	0.647399693562	0.860383450985	0.332529336214	0.384068310261	-0.131383553147	0.65691781044	0.210553824902	3.88704150412
1.2189789	0.874865472317	0.375652045012	0.427343997988	0.874913811684	0.356964886189	0.387968122959	-0.13141348958	0.657067537308	0.212683022022	3.89707930986
1.2130009	0.879910171032	0.387190461159	0.412168060281	0.881949603558	0.377518802881	0.386055409908	-0.131289556623	0.656447827816	0.211470246315	3.89091452732
1.2061063	0.897056639194	0.410081863403	0.64288382047	0.89547175169	0.393403708935	0.385815501213	-0.130321890116	0.651609480381	0.209877490997	3.87934166607
1.2228545	0.916672468185	0.445595562458	0.504641684536	0.915137410164	0.420686006546	0.392585873604	-0.130060270429	0.650301456451	0.213111519814	3.89340795205
1.2431198	0.926133513451	0.467465549707	0.408293716093	0.927861392498	0.450122892857	0.398550331593	-0.130620032549	0.653100252151	0.217212498188	3.91478429663
1.2485569	0.932958841324	0.480705529451	0.475977783536	0.934917449951	0.470696926117	0.400186181068	-0.130744338036	0.653721809387	0.218303024769	3.92032049268
1.2433815	0.942164361477	0.498583585024	0.475502594123	0.942915439606	0.487794399261	0.398776292801	-0.130562245846	0.652811348438	0.217247903347	3.91471296392
1.2399814	0.956195890903	0.518692076206	0.609242107208	0.954911410809	0.503377258778	0.399018704891	-0.129934385419	0.649671912193	0.216419935226	3.90831836659
1.2259823	0.963859856129	0.53544652462	0.429014924513	0.964481174946	0.522799730301	0.394885361195	-0.129560977221	0.647804915905	0.213598847389	3.8936120437
1.2119474	0.980667173862	0.558868467808	0.622432639293	0.978953957558	0.540870904922	0.392241358757	-0.128521710634	0.642608582973	0.210606455803	3.87514189364
1.2143991	0.996674716473	0.590595722198	0.467269231338	0.996086835861	0.56872522831	0.393440902233	-0.128390267491	0.64195138216	0.211054265499	3.8767143683
1.2302301	1.00946652889	0.618610024452	0.428343542683	1.01056039333	0.599310219288	0.398283541203	-0.128752321005	0.643761634827	0.214222192764	3.89319408801
1.2296269	1.01318275928	0.631496906281	0.280752740281	1.01629471779	0.622910916805	0.397360801697	-0.129058301449	0.645291447639	0.214182436466	3.89426923594
1.2294669	1.03072404861	0.65453261137	0.650809548634	1.0290261507	0.63850659132	0.39894759655	-0.128347083926	0.641735434532	0.213972389698	3.89034630279
1.2370375	1.04490435123	0.681380867958	0.485926159452	1.04403281212	0.661951422691	0.401542782784	-0.128382325172	0.641911625862	0.215444803238	3.89742652832
1.2501888	1.05565702915	0.705471932888	0.419802962808	1.0565507412	0.688496351242	0.405244231224	-0.128774747252	0.643873751163	0.218081533909	3.91136250309
1.2588606	1.06575167179	0.724717319012	0.483071560029	1.06666731834	0.710826277733	0.407940506935	-0.128906324506	0.644531726837	0.219781696796	3.91979842681
1.2588335	1.07504069805	0.741654872894	0.501633228023	1.07559275627	0.729488790035	0.408208370209	-0.128782719374	0.643913626671	0.219742000103	3.91912319757
1.2486248	1.08465850353	0.759213685989	0.501111040753	1.08479893208	0.74692261219	0.405534863472	-0.128406330943	0.642031729221	0.217681586742	3.90801433522
1.2426275	1.10040068626	0.784392297268	0.558756160186	1.09887516499	0.766313254833	0.404766738415	-0.127825155854	0.639125823975	0.216375589371	3.89954118558
1.2477334	1.11526751518	0.812922418118	0.480377149341	1.1145581007	0.79231852293	0.406623482704	-0.127786844969	0.638934254646	0.217344403267	3.90394275529
1.2580913	1.12617099285	0.835547208786	0.449086538213	1.12694597244	0.818631827831	0.409718215466	-0.127993553877	0.639967739582	0.219380140305	3.91430532845
1.2582753	1.13457751274	0.852147042751	0.46877113463	1.1357383728	0.839910745621	0.409848570824	-0.127963259816	0.639816403389	0.21940690279	3.91431006225
1.2459695	1.1417620182	0.868776142597	0.407822229818	1.14300441742	0.858663856983	0.406041264534	-0.127774477005	0.638872504234	0.21700322628	3.90228947534
1.2409455	1.16006755829	0.894831717014	0.612439538354	1.15773367882	0.876188635826	0.406010389328	-0.127016589046	0.635082960129	0.215842068195	3.89374810475
1.2496284	1.17235040665	0.923398733139	0.406070852714	1.17238414288	0.903830885887	0.408566355705	-0.127212151885	0.636060774326	0.2175527215	3.90261649066
1.2400033	1.17741668224	0.933364152908	0.470330096399	1.17912495136	0.923799991608	0.40575838089	-0.126983493567	0.63491743803	0.21565335989	3.8927196453
1.2092978	1.17899775505	0.931791841984	-0.788197560222	1.18005406857	0.930197834969	0.397532463074	-0.12584644556	0.629232227802	0.209473848343	3.85842632689
1.1788664	1.18188381195	0.934768557549	0.769947447347	1.18174231052	0.932697713375	0.38899564743	-0.124761626124	0.623808085918	0.203339338303	3.82376957017
1.148983	1.18182814121	0.932272613049	0.0223043009563	1.18174290657	0.93230342865	0.38046681881	-0.123633563519	0.618167817593	0.19728153944	3.78848790556
1.1136389	1.18585050106	0.930284559727	-1.1117563954	1.18408060074	0.928164422512	0.370957911015	-0.121911376715	0.609556853771	0.190037846565	3.74340728949
1.0960616	1.19362950325	0.939859390259	0.682278999078	1.19154036045	0.931911945343	0.366737008095	-0.120797924697	0.603989541531	0.18640512228	3.71904223432
1.0904143	1.20002162457	0.945751190186	0.826108642036	1.19858050346	0.93809145689	0.366021096706	-0.120182968676	0.600914716721	0.185213565826	3.70972546623
1.1035025	1.20361697674	0.963273882866	0.202371079572	1.20481193066	0.95548927784	0.36871868372	-0.121196404099	0.605981945992	0.187933564186	3.72900577708
1.1136527	1.20718181133	0.984503626823	0.166364593415	1.209856987	0.977537572384	0.369735062122	-0.122398711741	0.611993551254	0.190102875233	3.74607597387
1.1275874	1.21376919746	1.00807082653	0.272557527027	1.21607911587	0.999763429165	0.372713565826	-0.123410202563	0.617051005363	0.193014144897	3.76581486263
1.1241419	1.21446728706	1.02131545544	0.052660083039	1.21773731709	1.01816833019	0.369664251804	-0.124080695212	0.620403409004	0.192422091961	3.76596526855
1.1100024	1.22141706944	1.04038190842	0.349536794989	1.22283363342	1.03388786316	0.364016056061	-0.124067008495	0.620335042477	0.189582467079	3.75142857599
1.101468	1.23469948769	1.06325304508	0.526146158839	1.23404121399	1.05040025711	0.361544966698	-0.123674891889	0.618374407291	0.187813162804	3.74044958663
1.102525	1.24534928799	1.09021139145	0.376227658107	1.24621081352	1.07570564747	0.360812187195	-0.12412507087	0.620625317097	0.188079833984	3.74401963689
1.1094061	1.25257706642	1.11348569393	0.301106129391	1.2549932003	1.10234844685	0.361643731594	-0.124892897904	0.624464511871	0.189565896988	3.75534164418
1.1106014	1.26105213165	1.13422000408	0.388025277985	1.26285719872	1.12437343597	0.361113190651	-0.125286772847	0.626433849335	0.189857840538	3.75873102806
1.1160927	1.26964557171	1.15919137001	0.331436336575	1.27157866955	1.14826214314	0.361507833004	-0.126002058387	0.630010306835	0.191064715385	3.76827391012
1.1162121	1.27249348164	1.17575657368	0.170257450316	1.27564764023	1.16992068291	0.359775066376	-0.12668903172	0.633445084095	0.191181242466	3.77216519295
1.0919656	1.27621257305	1.17542243004	-1.48118590661	1.27670443058	1.1740437746	0.352543830872	-0.125598311424	0.627991557121	0.186093389988	3.74114517445
1.0775871	1.28172600269	1.1793025732	0.957555423941	1.2806276083	1.17521238327	0.349173843861	-0.124571479857	0.622857391834	0.183036148548	3.72031060332
1.0512525	1.27613604069	1.17228138447	0.672385353182	1.27729678154	1.17558598518	0.339316964149	-0.123974815011	0.619874119759	0.177534878254	3.68863194103
1.022323	1.28294181824	1.17353367805	1.38882246969	1.28082275391	1.17043316364	0.330914437771	-0.122314229608	0.611571133137	0.171401202679	3.64718047815
1.0173916	1.2908680439	1.19507777691	0.35253751765	1.29059445858	1.18472337723	0.327928900719	-0.122562646866	0.612813234329	0.170366644859	3.64301416507
1.0342975	1.29782545567	1.22556746006	0.224347092511	1.30049693584	1.21397531033	0.33139449358	-0.124076120555	0.620380580425	0.173984408379	3.67054317161
1.0378596	1.2969096899	1.24270296097	-0.0533884490561	1.30169320107	1.23993062973	0.329280734062	-0.125392988324	0.626964986324	0.174795091152	3.68192990386
1.0344852	1.30373084545	1.26490545273	0.29807217784	1.30620861053	1.25927531719	0.326430082321	-0.125844493508	0.629222452641	0.174098014832	3.68076410238
1.0287119	1.3059746027	1.2869412899	0.101472890275	1.30955564976	1.28230619431	0.321193933487	-0.126719653606	0.633598268032	0.172897040844	3.67935019686
1.0212817	1.31514453888	1.31212949753	0.349141266625	1.31715607643	1.30347502232	0.317175328732	-0.126885816455	0.634429097176	0.171300947666	3.67203203489
1.0302631	1.32262277603	1.34349238873	0.234070198392	1.32599580288	1.33306467533	0.318692088127	-0.127825051546	0.639125227928	0.173271656036	3.68737025876
1.0301034	1.32308745384	1.36322152615	0.0235486235855	1.32789254189	1.35987079144	0.315374672413	-0.128923878074	0.644619464874	0.173278510571	3.69347193147
1.0311735	1.33153939247	1.39035773277	0.301941612894	1.33434379101	1.38270485401	0.314020872116	-0.129553541541	0.647767722607	0.173535645008	3.69825106174
1.0433296	1.33945024014	1.42101299763	0.252548818725	1.34284818172	1.41092097759	0.316062271595	-0.130831941962	0.654159724712	0.17624348402	3.71880560577
1.0650272	1.34350442886	1.44925320148	0.142587611658	1.34838032722	1.44187653065	0.320862770081	-0.132692635059	0.663463056087	0.181084513664	3.75256350861
1.0749297	1.34444928169	1.4678940773	0.0506452085615	1.3492013216	1.46575891972	0.321475327015	-0.134074866772	0.670374393463	0.183354496956	3.77076529865
1.0760989	1.34847712517	1.47510004044	0.509691014214	1.34996175766	1.4738701582	0.322383701801	-0.133948385715	0.669741988182	0.18359619379	3.77126894968
1.0728853	1.35007762909	1.47408187389	-1.00420467863	1.35006856918	1.47396576405	0.321957886219	-0.133579090238	0.667895495892	0.182864904404	3.76583033315
1.0710253	1.34864389896	1.47564029694	-0.743761611719	1.3493244648	1.47628772259	0.320496439934	-0.133784547448	0.668922781944	0.182479858398	3.76504676704
1.0700574	1.34579885006	1.48735308647	-0.238290775321	1.34840834141	1.48771178722	0.317032217979	-0.13481760025	0.674088060856	0.182361006737	3.76988430722
1.0706302	1.34823596478	1.50925981998	0.110795053979	1.35121560097	1.50544285774	0.314531564713	-0.135762065649	0.678810358047	0.182571172714	3.77583752782
1.0651777	1.35193121433	1.52860164642	0.188775748809	1.35486268997	1.52391326427	0.310683488846	-0.136181429029	0.680907130241	0.181406199932	3.77252765537
1.053141	1.35467946529	1.54984855652	0.128631968126	1.35827708244	1.54533755779	0.303655445576	-0.136569753289	0.682848751545	0.178761839867	3.76208795604
1.0452724	1.36250448227	1.57712292671	0.279393850995	1.36558794975	1.56860518456	0.299084424973	-0.136786848307	0.68393433094	0.17701292038	3.75499035054
1.0493675	1.36503183842	1.60600423813	0.0872839768064	1.37036120892	1.59973061085	0.297157824039	-0.138081029058	0.690405189991	0.178016126156	3.76676899318
1.0513746	1.36831557751	1.62997162342	0.136159867938	1.37312483788	1.62599492073	0.295123696327	-0.139067590237	0.695337951183	0.178536117077	3.77455391557
1.0542674	1.37113046646	1.65577876568	0.108644711159	1.37589156628	1.65183770657	0.292954802513	-0.14024014771	0.701200783253	0.179275929928	3.78432622438
1.0527796	1.37280011177	1.67676281929	0.0793979802542	1.37721204758	1.67448234558	0.289520680904	-0.141098082066	0.705490469933	0.178997576237	3.78770523015
1.0323197	1.37251603603	1.67876172066	-0.141160259868	1.37443757057	1.68131089211	0.281315863132	-0.140325531363	0.701627612114	0.17424172163	3.76164550672
1.0074432	1.37632024288	1.68128359318	0.98539638831	1.37580227852	1.67998218536	0.273073732853	-0.138750046492	0.693750321865	0.168412208557	3.72556271121
0.9942398	1.37499308586	1.6867518425	-0.23809046869	1.37614583969	1.68619251251	0.267071425915	-0.138363748789	0.691818773746	0.165312588215	3.70873306182
0.97268766	1.37468600273	1.6844419241	0.132177234164	1.37482357025	1.68572390079	0.258789360523	-0.13720549643	0.686027526855	0.160232424736	3.67765803723
0.9693372	1.37842643261	1.69713962078	0.286470777906	1.37905812263	1.69285464287	0.258174300194	-0.136822983623	0.684114933014	0.159449577332	3.67155682102
0.9866103	1.37497222424	1.71611833572	-0.180031493815	1.37927234173	1.7151581049	0.260026633739	-0.13917440176	0.69587212801	0.163493394852	3.70506097586
1.0094928	1.37355351448	1.73956680298	-0.0604276243282	1.37852478027	1.73949754238	0.26414513588	-0.141778081656	0.708890497684	0.168930888176	3.74561088133
1.0300386	1.37009346485	1.76096761227	-0.160292049063	1.37544333935	1.76332128048	0.266843616962	-0.1443900913	0.721950411797	0.173882186413	3.78290393554
1.0367104	1.35959649086	1.77786290646	-0.55593168037	1.36587607861	1.78697299957	0.261183619499	-0.147205606103	0.736027896404	0.175607264042	3.80633474213
1.0296398	1.3597638607	1.79675674438	0.00885789350885	1.36276745796	1.79957830906	0.254489123821	-0.148011431098	0.740057051182	0.173940002918	3.80366974027
1.0327982	1.36324703693	1.82099032402	0.142755051235	1.36631441116	1.81689143181	0.253188312054	-0.148925200105	0.744626045227	0.174747765064	3.81231179884
1.0416743	1.36566925049	1.84202194214	0.114666987552	1.36960685253	1.83805894852	0.254043936729	-0.15016362071	0.750818192959	0.176972270012	3.82872068108
1.0534524	1.36364507675	1.86376321316	-0.0928361725142	1.36907064915	1.86367368698	0.25387686491	-0.15219168365	0.760958492756	0.17997854948	3.85252841783
1.0606455	1.35889351368	1.88552331924	-0.214984620441	1.36481642723	1.88940596581	0.250460922718	-0.154416769743	0.772083938122	0.181921780109	3.87265261264
1.053508	1.3526443243	1.90229988098	-0.356573988365	1.35758721828	1.90947258472	0.240781545639	-0.156051665545	0.78025829792	0.180293917656	3.87498654267
1.040301	1.35638034344	1.92588317394	0.157110336528	1.3592247963	1.92392134666	0.232281863689	-0.156246259809	0.781231343746	0.176998794079	3.86284100589
1.0343637	1.35361266136	1.94961214066	-0.116114482336	1.35891819	1.94952511787	0.223734796047	-0.157638296485	0.788191378117	0.175571382046	3.8649988206
1.0213686	1.35255742073	1.97121202946	-0.0488168273582	1.35734629631	1.97251582146	0.212628483772	-0.158457234502	0.792286098003	0.172262907028	3.85665305375
1.0223025	1.35496509075	2.00347447395	0.0744909089522	1.36039662361	2.0000295639	0.210207104683	-0.159277841449	0.796389102936	0.172533214092	3.86245337505
1.027824	1.35200119019	2.02694797516	-0.125599938384	1.35807514191	2.02903223038	0.206435263157	-0.161262094975	0.806310415268	0.174053430557	3.87973403503
1.0252743	1.34725868702	2.050137043	-0.201733222419	1.35283851624	2.05530595779	0.197308421135	-0.163265004754	0.816325008869	0.173464179039	3.88900160637
1.0238788	1.34560012817	2.07316112518	-0.0719139589856	1.34992408752	2.07602667809	0.191353678703	-0.164596289396	0.822981595993	0.173143923283	3.89547714846
1.0118902	1.3434637785	2.09002804756	-0.125984510239	1.34694385529	2.09298872948	0.180420517921	-0.165313318372	0.826566696167	0.16992431879	3.88778935664
1.00035	1.34708201885	2.11627101898	0.137009475644	1.35091114044	2.11227416992	0.171627104282	-0.165485098958	0.827425599098	0.166763603687	3.87725859643
1.0042535	1.34708952904	2.14788222313	0.000237787734425	1.34178006649	2.13871216774	0.16789919138	0.167125836015	-0.835629343987	0.167849361897	3.89099227221
1.009802	1.3438128233	2.17174744606	-0.136446714543	1.33796429634	2.16784191132	0.175298750401	0.166251346469	-0.83125680685	0.169370055199	3.89129548223
1.008686	1.33787667751	2.19362163544	-0.264992793514	1.33366465569	2.18919229507	0.183265984058	0.164009466767	-0.820047259331	0.169031739235	3.87680859607
0.9972758	1.33676099777	2.21449756622	-0.0533950640546	1.33210778236	2.21279072762	0.187146067619	0.160983249545	-0.804916143417	0.165934860706	3.84711534301
1.0018772	1.33810794353	2.24888134003	0.0391524343946	1.33115780354	2.24767398834	0.190775692463	0.160858288407	-0.804291367531	0.167170286179	3.85107238317
1.0146232	1.33886766434	2.27448940277	0.0296566909164	1.33301973343	2.27615427971	0.195566475391	0.161852017045	-0.809260010719	0.170586228371	3.86994429269
1.0278232	1.33655846119	2.30048036575	-0.088612868424	1.33189308643	2.29911756516	0.202442288399	0.162338912487	-0.811694562435	0.174100339413	3.88608178599
1.0396062	1.33047544956	2.32477736473	-0.245319463431	1.32661628723	2.31908249855	0.211054623127	0.162056624889	-0.810283064842	0.177175223827	3.89615278589
1.0376544	1.32694923878	2.34276413918	-0.193588435957	1.32307875156	2.33884978294	0.215826332569	0.160403877497	-0.802019298077	0.176569521427	3.884526667
1.0352709	1.32801318169	2.37042951584	0.0384386476531	1.32190704346	2.36880207062	0.218808293343	0.159166172147	-0.795830726624	0.175885260105	3.87488015651
1.0394833	1.32482790947	2.39607429504	-0.123574514366	1.31985378265	2.39356231689	0.224271833897	0.158368617296	-0.791842997074	0.176919341087	3.8744357563
1.0397543	1.32348144054	2.42120242119	-0.053532061259	1.31830656528	2.41916441917	0.228430867195	0.157244443893	-0.786222159863	0.176920771599	3.86812885415
1.0422637	1.31900787354	2.44533514977	-0.183294072789	1.3147585392	2.44123768806	0.233961820602	0.156102582812	-0.780512988567	0.177484035492	3.86398325331
1.0377642	1.31644821167	2.46810150146	-0.111963548834	1.31190395355	2.46466970444	0.237960398197	0.154191285372	-0.770956456661	0.176243007183	3.84824492831
1.0435804	1.31373119354	2.49801516533	-0.0905813324979	1.30815148354	2.49349784851	0.241760849953	0.154083043337	-0.770415306091	0.177684128284	3.85352515217
1.0364732	1.30876350403	2.51007080078	-0.390866744117	1.30609560013	2.50762224197	0.245029747486	0.151931136847	-0.759655714035	0.175799012184	3.83369883247
1.0077555	1.31350588799	2.51441073418	0.829672439184	1.31072115898	2.51877260208	0.239643156528	0.1486133039	-0.743066549301	0.168594241142	3.78416569421
0.99272776	1.32115161419	2.52569127083	0.595660199536	1.31769192219	2.53225493431	0.233705282211	0.147728055716	-0.738640189171	0.164857923985	3.76281668665
0.99039507	1.32520520687	2.53582334518	0.380570280307	1.32293319702	2.54078722	0.232222855091	0.147742718458	-0.738713562489	0.164274930954	3.76038832311
1.0101155	1.31705915928	2.5580534935	-0.351248077083	1.31591069698	2.55076885223	0.241196453571	0.148571774364	-0.742858886719	0.169177651405	3.78642315103
1.0323238	1.30791652203	2.57933402061	-0.405779886507	1.30565237999	2.56836915016	0.250962615013	0.149499490857	-0.747497498989	0.174659192562	3.81518092531
1.0405283	1.30083978176	2.59403061867	-0.448756642108	1.29825520515	2.58591341972	0.257374703884	0.14898212254	-0.744910657406	0.176624536514	3.82065260163
1.0338005	1.29250144958	2.60684084892	-0.577015392949	1.29095220566	2.59897375107	0.262717247009	0.146259859204	-0.731299221516	0.174862802029	3.79777770272
1.0214573	1.29496407509	2.62783026695	0.11679507861	1.28974580765	2.62576842308	0.262028217316	0.144405797124	-0.722028851509	0.171839118004	3.77390196616
1.027582	1.29208350182	2.65624141693	-0.101041405836	1.28706479073	2.65264749527	0.265773415565	0.144304171205	-0.721520721912	0.173295259476	3.77980494758
1.0331615	1.28904974461	2.67669725418	-0.147233436189	1.2850509882	2.67392706871	0.269835889339	0.144001498818	-0.720007359982	0.174604475498	3.78393137897
1.0344974	1.28652322292	2.69913554192	-0.11212726819	1.28251159191	2.69578123093	0.273250877857	0.14317946136	-0.715897321701	0.174880623817	3.7805528187
1.0392803	1.2839922905	2.72673845291	-0.0914363633144	1.27916395664	2.72234725952	0.277367293835	0.142701491714	-0.713507413864	0.175976336002	3.78281640611
1.0477886	1.27665662766	2.75145220757	-0.288542894199	1.27323246002	2.74449253082	0.283789753914	0.142096981406	-0.710484921932	0.177916944027	3.7882462599
1.0445707	1.2697275877	2.76990914345	-0.359136002532	1.26717531681	2.76295280457	0.288237929344	0.140161022544	-0.700805127621	0.177055239677	3.77368591865
1.0368073	1.2736954689	2.78377318382	0.278744775219	1.26892435551	2.78468298912	0.2852627635	0.13982732594	-0.699136674404	0.175254046917	3.76353313533
1.0312968	1.27922654152	2.78526902199	1.30668644347	1.27623939514	2.79237556458	0.281995892525	0.139944821596	-0.699724078178	0.173988640308	3.75834193457
1.0211729	1.27868103981	2.78709197044	-0.290754595328	1.27872669697	2.7896900177	0.281124770641	0.138547405601	-0.692737102509	0.171599030495	3.7393225844
1.0132582	1.28246188164	2.79313254356	0.55923921831	1.28094625473	2.79512643814	0.278510630131	0.1380494982	-0.690247535706	0.169755756855	3.72781168127
1.0109773	1.28200590611	2.79707050323	-0.115266557704	1.28144311905	2.79747080803	0.278570413589	0.137654259801	-0.688271343708	0.169220805168	3.72300439129
1.0093099	1.27876901627	2.7993543148	-0.956370201803	1.27925980091	2.79720520973	0.279991030693	0.136941060424	-0.684705376625	0.168825209141	3.7169986067
1.0156554	1.26802885532	2.81422185898	-0.625596965581	1.26893615723	2.80369305611	0.286689937115	0.135901451111	-0.679507315159	0.170265555382	3.71788896723
1.0148724	1.25665843487	2.83109235764	-0.593051516554	1.25657844543	2.81820964813	0.292431712151	0.133958756924	-0.669793844223	0.170048058033	3.70572071196
1.0011016	1.24424123764	2.84592247009	-0.697074795102	1.24428462982	2.83325219154	0.296471893787	0.130413904786	-0.652069568634	0.166913628578	3.66974250296
0.98249876	1.23941195011	2.86832523346	-0.212317886315	1.2363897562	2.85951256752	0.296489357948	0.127359122038	-0.636795580387	0.162792086601	3.63065872954
0.9769347	1.2330776453	2.89543414116	-0.229541532292	1.22955703735	2.88754916191	0.299164950848	0.125591292977	-0.627956449986	0.161602199078	3.61385051028
0.9904103	1.22436773777	2.92732453346	-0.266616779366	1.22095072269	2.9175157547	0.305459499359	0.125759929419	-0.628799676895	0.164569497108	3.63049849072
1.0154243	1.2089022398	2.95162391663	-0.566794378734	1.20840847492	2.9382212162	0.316338479519	0.126219034195	-0.631095170975	0.170019626617	3.66165059114
1.0364381	1.19666922092	2.96995162964	-0.588550047523	1.19646406174	2.95697760582	0.324933648109	0.126678958535	-0.633394777775	0.174550831318	3.68765293203
1.0468385	1.18801474571	2.98549413681	-0.508065150713	1.18720149994	2.9751124382	0.330446898937	0.126428410411	-0.632142066956	0.176751554012	3.69762450326
1.0516542	1.18216812611	3.00249528885	-0.331222247802	1.18039727211	2.99445652962	0.333779990673	0.126022949815	-0.630114734173	0.177745401859	3.70057729451
1.0499839	1.16998374462	3.01796460152	-0.667162554104	1.17059230804	3.00733757019	0.338510096073	0.124062307179	-0.620311558247	0.177275419235	3.6877374312
1.0438157	1.16595482826	3.04105353355	-0.172755737054	1.16339027882	3.03227615356	0.339410722256	0.122747689486	-0.613738417625	0.17591637373	3.67359118316
1.0567218	1.15659093857	3.07285666466	-0.286340593516	1.15395796299	3.06143736839	0.345177471638	0.122716985643	-0.61358487606	0.178589344025	3.68755855708
1.0732051	1.14774131775	3.09424328804	-0.392340781884	1.14588582516	3.08444571495	0.35121268034	0.123112432659	-0.615562200546	0.18200802803	3.70754541974
1.0806645	1.1299186945	3.10942006111	-0.865404802309	1.13261401653	3.09514474869	0.358759760857	0.121444433928	-0.607222139835	0.183377861977	3.70629530599
1.0713656	1.11880362034	3.12352323532	-0.667456896632	1.12041091919	3.11015558243	0.361070215702	0.119076982141	-0.595384836197	0.181301355362	3.68329106021
1.0569842	1.11486637592	3.14524960518	-0.179275031247	1.11275279522	3.13574576378	0.360164880753	0.117130056024	-0.585650324821	0.178278505802	3.65689513877
1.0609138	1.10245680809	3.17507410049	-0.394297902595	1.10165679455	3.16206884384	0.36498105526	0.115893065929	-0.579465389252	0.178980648518	3.65443482079
1.0749818	1.09252369404	3.19731807709	-0.419984632061	1.09181892872	3.18561458588	0.370461285114	0.115980155766	-0.579900860786	0.181768417358	3.67027026483
1.08485	1.08512938023	3.21416068077	-0.413694614777	1.08432304859	3.20503735542	0.374391138554	0.11598046124	-0.579902410507	0.183706581593	3.68091447975
1.0856184	1.07252681255	3.22794890404	-0.740501140342	1.0743688345	3.21698880196	0.378454864025	0.114458031952	-0.572290182114	0.183716118336	3.67350669055
1.0829519	1.06824874878	3.25187897682	-0.176902098749	1.06660401821	3.24201107025	0.379327356815	0.113677658141	-0.568388342857	0.183128476143	3.66642576904
1.0918992	1.06211674213	3.27876210213	-0.224263496758	1.05965232849	3.26941561699	0.382568717003	0.113768838346	-0.568844199181	0.184866428375	3.67653391223
1.1056377	1.05298674107	3.30534672737	-0.330811975926	1.0514755249	3.29481172562	0.387419104576	0.113929919899	-0.569649577141	0.187524318695	3.69199095282
1.1218	1.0403264761	3.32926297188	-0.486857397677	1.04079067707	3.31634783745	0.39355713129	0.11388681829	-0.56943410635	0.190602719784	3.70867007793
1.1323571	1.03049492836	3.35217285156	-0.405369319912	1.03051710129	3.33941984177	0.397827208042	0.113713301718	-0.568566560745	0.192578911781	3.71864852958
1.1378262	1.0147870779	3.37508320808	-0.601012304915	1.0171084404	3.35933756828	0.402607917786	0.112484619021	-0.562423110008	0.193435788155	3.71777049571
1.1492956	1.00570881367	3.40350389481	-0.309182287551	1.00537753105	3.38845539093	0.406700789928	0.1124740839	-0.562370419502	0.195573985577	3.72938922556
1.1591859	0.997636079788	3.42493367195	-0.360265699567	0.996706604958	3.413377285	0.410084187984	0.112508445978	-0.562542200089	0.197414815426	3.73952903296
1.1620395	0.984979093075	3.44425725937	-0.579885381973	0.986383914948	3.43161296844	0.413330495358	0.111481159925	-0.55740582943	0.19777572155	3.73702702147
1.1593652	0.975726306438	3.4658036232	-0.405621199072	0.976370692253	3.45317983627	0.414716303349	0.110424935818	-0.552124619484	0.197115659714	3.72885131502
1.1496649	0.964499890804	3.48532295227	-0.521942668168	0.965937674046	3.47260475159	0.415277659893	0.108635917306	-0.543179631233	0.195068776608	3.70975928783
1.1371102	0.95353859663	3.5091149807	-0.431728272643	0.954787969589	3.4954688549	0.41507345438	0.106740631163	-0.533703148365	0.192515552044	3.68707357443
1.1272693	0.943433046341	3.53610467911	-0.358263741674	0.94386947155	3.52238869667	0.414979994297	0.105217501521	-0.526087522507	0.190532743931	3.66897471396
1.1257069	0.930099666119	3.56503033638	-0.431924981926	0.931405365467	3.54976129532	0.416986346245	0.104032836854	-0.520164191723	0.190105974674	3.66124417707
1.1292229	0.919609665871	3.59032058716	-0.393185980487	0.920357823372	3.57648253441	0.419312357903	0.103501476347	-0.517507374287	0.190674543381	3.6622124575
1.1308159	0.906515002251	3.61566185951	-0.476943404909	0.908327460289	3.60107660294	0.421565651894	0.1026872769	-0.513436377048	0.190859973431	3.65972592354
1.1459513	0.894339084625	3.64915633202	-0.348668073895	0.895347774029	3.63264632225	0.42602288723	0.102968521416	-0.514842569828	0.193595826626	3.67688806413
1.16825	0.882897853851	3.67808532715	-0.376614755892	0.883551537991	3.66263890266	0.431510984898	0.103845030069	-0.519225180149	0.197677493095	3.7040468294
1.1950514	0.870159089565	3.70514988899	-0.439918979139	0.871571063995	3.68952059746	0.438118517399	0.104808837175	-0.524044215679	0.20255947113	3.73551451622
1.2199833	0.860287129879	3.72933530807	-0.387537216567	0.861079990864	3.71511626244	0.443796217442	0.105861701071	-0.52930855751	0.207122266293	3.76489744745
1.2390391	0.847784876823	3.75460720062	-0.459404194094	0.849543690681	3.73921608925	0.448469340801	0.106444753706	-0.532223761082	0.210559666157	3.78582146945
1.2613058	0.836121499538	3.78087639809	-0.417849706024	0.837749958038	3.76474833488	0.453820407391	0.107123501599	-0.535617470741	0.214565336704	3.80981847295
1.2747006	0.827328324318	3.80539011955	-0.344407622747	0.827702879906	3.79095053673	0.456430852413	0.107825025916	-0.539125144482	0.217043638229	3.82549607637
1.2875758	0.810247719288	3.82823228836	-0.642070420761	0.814287900925	3.81068658829	0.460906386375	0.107425443828	-0.537127256393	0.219147384167	3.83506213512
1.2834034	0.80694693327	3.84800553322	-0.165406668312	0.806301534176	3.83590054512	0.45930147171	0.107642427087	-0.538212060928	0.218490481377	3.83241155148
1.2718657	0.787907540798	3.8695936203	-0.722746780107	0.792779326439	3.85256361961	0.459020733833	0.105998583138	-0.529992997646	0.216104209423	3.81383924272
1.2627487	0.77073597908	3.89479660988	-0.598088132869	0.776429653168	3.87421250343	0.458837807178	0.104672469199	-0.523362398148	0.214230775833	3.79895176621
1.2522675	0.760110199451	3.91743755341	-0.438802990228	0.763081371784	3.89978528023	0.457236349583	0.103890918195	-0.519454538822	0.212264895439	3.78542328241
1.2445703	0.743341743946	3.9432246685	-0.576561650304	0.747898161411	3.92392635345	0.457028925419	0.102791085839	-0.513955414295	0.210710763931	3.77282362698
1.2487196	0.732501626015	3.97157335281	-0.36522836081	0.734669208527	3.95359826088	0.458481729031	0.102660797536	-0.513303995132	0.211387276649	3.77605349833
1.2530187	0.720058500767	3.99656033516	-0.462035215702	0.722372293472	3.97995638847	0.459923744202	0.102555595338	-0.512778043747	0.212092638016	3.77953172996
1.2687668	0.70918828249	4.0254945755	-0.3593717681	0.710600495338	4.0089097023	0.463375806808	0.103143960238	-0.51571983099	0.214889883995	3.79692032608
1.2775251	0.698638141155	4.04728460312	-0.4509049197	0.700235545635	4.03279256821	0.46534204483	0.103432707489	-0.517163515091	0.21643435955	3.8062987951
1.2910194	0.68622726202	4.07152795792	-0.473149496895	0.688776314259	4.05579185486	0.46868032217	0.103687234223	-0.518436133862	0.218764603138	3.81968570663
1.2981585	0.670888602734	4.09136772156	-0.658133846825	0.675642073154	4.07430267334	0.471273899078	0.103344209492	-0.516721069813	0.219869375229	3.82436457709
1.3104439	0.653968393803	4.11661243439	-0.590475802618	0.659892618656	4.09603786469	0.474850893021	0.103228479624	-0.516142427921	0.221883296967	3.83464944824
1.3318865	0.644132077694	4.14282894135	-0.358944310183	0.646815955639	4.12407016754	0.479212701321	0.104054100811	-0.520270526409	0.225663900375	3.85730538692
1.348757	0.634236872196	4.16207170486	-0.474966338506	0.636339485645	4.14681148529	0.482900559902	0.104518219829	-0.52259105444	0.228581726551	3.87395966364
1.3664541	0.623080968857	4.18778705597	-0.409318361294	0.625223636627	4.17132472992	0.4865026474	0.105126537383	-0.525632679462	0.231674730778	3.89177420465
1.3839873	0.612187802792	4.20738887787	-0.507230810521	0.61477637291	4.19204998016	0.490412294865	0.105490133166	-0.527450680733	0.234658002853	3.90802371307
1.401356	0.599896788597	4.23212909698	-0.461088904126	0.60300308466	4.21472358704	0.494090795517	0.105930306017	-0.529651582241	0.237632095814	3.92428011039
1.4232093	0.588661432266	4.25482034683	-0.459748893444	0.591543257236	4.23750686646	0.498642504215	0.106480643153	-0.532403171062	0.241364002228	3.94440269294
1.4402647	0.581854581833	4.27588558197	-0.312542224252	0.582600295544	4.26131248474	0.501650035381	0.107212245464	-0.536061227322	0.244383394718	3.96132933766
1.4417417	0.578590333462	4.29192113876	-0.200818869579	0.577306509018	4.28227090836	0.501348853111	0.107624948025	-0.538124740124	0.24477660656	3.96447239256
1.4355543	0.563383638859	4.31250953674	-0.636173505253	0.567124903202	4.29770183563	0.500950455666	0.106931209564	-0.534656047821	0.243519961834	3.95629404349
1.4418975	0.54384213686	4.34073352814	-0.605586335111	0.550978720188	4.31782579422	0.503261387348	0.106450602412	-0.532253026962	0.244360566139	3.95893083876
1.4614749	0.532551348209	4.36961555481	-0.372659126897	0.53635764122	4.34693288803	0.507162690163	0.106959119439	-0.534795582294	0.247687339783	3.97649567661
1.466509	0.526978671551	4.3839764595	-0.370161551116	0.527769804001	4.36973810196	0.507918298244	0.107241429389	-0.536207079887	0.248601555824	3.98169957122
1.4676682	0.514870166779	4.40538835526	-0.514669343155	0.517612695694	4.38961648941	0.508479595184	0.107058174908	-0.535290837288	0.248714089394	3.98170178431
1.468038	0.502278625965	4.4263048172	-0.541878502965	0.506166100502	4.40899467468	0.509001433849	0.10677947849	-0.533897340298	0.248663127422	3.98064486136
1.4584198	0.504288315773	4.43120145798	0.389458473127	0.502868831158	4.42471122742	0.506729483604	0.106770813465	-0.533854067326	0.24712651968	3.97324832187
1.4356819	0.509479761124	4.4277586937	-0.985198390795	0.505838394165	4.43053627014	0.501734852791	0.106460668147	-0.532303273678	0.243366360664	3.95412547234
1.4161141	0.506741881371	4.43143987656	-0.639473036398	0.506196320057	4.43170070648	0.498067855835	0.105750493705	-0.528752505779	0.239958107471	3.9352461312
1.4017214	0.510666549206	4.43492698669	0.844386001911	0.508114814758	4.4365234375	0.494516670704	0.105726450682	-0.528632223606	0.237621307373	3.92358899845
1.3831277	0.513788342476	4.43381977081	-1.22991806585	0.511290729046	4.43744182587	0.490424573421	0.10535043478	-0.526752173901	0.234471976757	3.90664259049
1.3552264	0.516876041889	4.43285274506	-1.2672655729	0.514651656151	4.43683099747	0.484284937382	0.104704722762	-0.523523688316	0.229701757431	3.88032696897
1.34551	0.512648522854	4.44217538834	-0.425735311942	0.513058722019	4.43991374969	0.482662796974	0.104154542089	-0.520772695541	0.227938890457	3.86944004134
1.3348985	0.514558970928	4.44138240814	-1.17734100448	0.513685822487	4.44183015823	0.480248093605	0.103919953108	-0.519599735737	0.226122438908	3.85924069895
1.3159374	0.514539122581	4.4366607666	0.00420811410183	0.514665305614	4.4382519722	0.476609349251	0.103075705469	-0.515378534794	0.222752571106	3.83871879036
1.2889907	0.51742130518	4.43313550949	-0.685347294454	0.516647160053	4.43565988541	0.470699191093	0.102232888341	-0.511164486408	0.218057155609	3.81076019322
1.2664951	0.512744724751	4.43681812286	-0.90375390646	0.514447569847	4.43459701538	0.466362953186	0.101129449904	-0.505647242069	0.214035272598	3.78497367229
1.259466	0.509998619556	4.44449567795	-0.343499515046	0.511071443558	4.44014978409	0.465162217617	0.100688420236	-0.503442049026	0.212758302689	3.77635093333
1.2529618	0.504445910454	4.45115089417	-0.695329230885	0.506417691708	4.44550228119	0.464080274105	0.100260220468	-0.501301109791	0.211573839188	3.7682322693
1.2495036	0.481996893883	4.46901416779	-0.89866144315	0.491042047739	4.45198726654	0.465580463409	0.0988731756806	-0.49436584115	0.210695922375	3.75826425549
1.2467364	0.462917327881	4.48551034927	-0.857880292205	0.472770422697	4.46472740173	0.466824650764	0.0977310240269	-0.488655149937	0.209994137287	3.75014693294
1.2482004	0.440488308668	4.50372648239	-0.888674283418	0.451874017715	4.47995376587	0.469324469566	0.0965430140495	-0.48271510005	0.209988892078	3.74580578622
1.2631958	0.420648425817	4.52552652359	-0.738360194988	0.431068450212	4.50082921982	0.474091529846	0.0961931571364	-0.480965822935	0.212380707264	3.75811516883
1.2802999	0.405915439129	4.53942060471	-0.814685905748	0.414250433445	4.51902770996	0.478858292103	0.0961288288236	-0.48064416647	0.215158581734	3.77351595084
1.2918442	0.390052706003	4.55176734924	-0.909396540747	0.398598521948	4.53308534622	0.482655346394	0.0957059934735	-0.478529989719	0.216931760311	3.7819716522
1.2976243	0.373340666294	4.56347513199	-0.959687460394	0.382715165615	4.54486656189	0.485408365726	0.0949624329805	-0.474812120199	0.217685878277	3.7836605647
1.2925212	0.360240578651	4.57636547089	-0.79346066345	0.368179142475	4.55895185471	0.485278367996	0.0942216664553	-0.47110837698	0.216690123081	3.77558714821
1.2969109	0.338510096073	4.59517621994	-0.857287851334	0.349609047174	4.57347297668	0.487970352173	0.093270920217	-0.466354638338	0.217169106007	3.77509061974
1.3045802	0.320707976818	4.61389350891	-0.760341572953	0.33113861084	4.5916595459	0.490702927113	0.0928050503135	-0.464025229216	0.218279600143	3.77979562957
1.3136227	0.303760230541	4.62814474106	-0.871618579641	0.313913077116	4.60749864578	0.493826806545	0.0922933071852	-0.461466610432	0.219587743282	3.78546803467
1.3122643	0.289088696241	4.64174985886	-0.823086566252	0.298223912716	4.62286329269	0.494466602802	0.0916647985578	-0.458323955536	0.219220280647	3.78135896887
1.316967	0.267157763243	4.65916109085	-0.899784714654	0.279307097197	4.63709115982	0.497095644474	0.0907361358404	-0.453680694103	0.219733774662	3.78125694151
1.3227757	0.246259897947	4.67879152298	-0.816657862556	0.259013950825	4.65471601486	0.499578654766	0.0900629609823	-0.450314819813	0.220477163792	3.78330569219
1.332391	0.223926842213	4.69591331482	-0.91672366706	0.237899020314	4.67110729218	0.503082156181	0.0893151536584	-0.446575760841	0.221785902977	3.78833700909
1.340218	0.208904147148	4.71044540405	-0.801999120533	0.220059156418	4.68877410889	0.5054666996	0.0889963805676	-0.444981902838	0.222915112972	3.7937062918
1.3336741	0.197778075933	4.72028541565	-0.846658834726	0.206240847707	4.70345258713	0.504800081253	0.0883721113205	-0.441860616207	0.221749305725	3.78519407192
1.326981	0.170662105083	4.73694133759	-1.01997149541	0.185743048787	4.71412801743	0.505541563034	0.0867634788156	-0.433817476034	0.220326900482	3.77210567737
1.3339363	0.150198459625	4.76075363159	-0.709913012707	0.164236456156	4.73511552811	0.508027672768	0.0862110257149	-0.431055128574	0.221258878708	3.77574556668
1.3308623	0.135316431522	4.77026033401	-1.00234064686	0.147019997239	4.75015926361	0.508464038372	0.085396386683	-0.426981925964	0.220593452454	3.76943564667
1.3164511	0.118901081383	4.78076028824	-1.0017436799	0.130577117205	4.76225662231	0.506801009178	0.0841366052628	-0.420683056116	0.218103706837	3.75112606588
1.2981076	0.101532146335	4.79636764526	-0.838763978471	0.113347612321	4.77699565887	0.504139184952	0.0828838422894	-0.414419203997	0.215030431747	3.72912118043
1.2859151	0.0782191380858	4.81622934341	-0.865169076867	0.0926905423403	4.79355096817	0.503049194813	0.0815616846085	-0.407808423042	0.212896466255	3.71220183762
1.2909498	0.0548862032592	4.84022045135	-0.771491176308	0.0702077895403	4.81495761871	0.505190253258	0.0809268429875	-0.404634237289	0.213534712791	3.71407021864
1.2947009	0.0400137268007	4.85460424423	-0.802093390193	0.052114777267	4.83395242691	0.506587505341	0.0805843472481	-0.40292173624	0.214033782482	3.71602106108
1.291648	0.021831119433	4.8688583374	-0.905918513568	0.0343950018287	4.84931993484	0.50689637661	0.0798376128078	-0.399188101292	0.213420629501	3.71001526976
1.3044914	-0.00433699088171	4.89193487167	-0.848093806826	0.0120618399233	4.86739778519	0.510681629181	0.079336091876	-0.396680444479	0.215253412724	3.71957067133
1.3144778	-0.0203562173992	4.90575218201	-0.859068764158	-0.00674936408177	4.8846154213	0.513342499733	0.0791232585907	-0.395616292953	0.216705083847	3.72766627215
1.313316	-0.0339427366853	4.91761875153	-0.85286208911	-0.0225708466023	4.89977836609	0.513673126698	0.0786776393652	-0.393388152122	0.216437101364	3.72473235792
1.3033069	-0.053381845355	4.9305934906	-0.982245453424	-0.0399752259254	4.91202020645	0.512747824192	0.07761323452	-0.388066202402	0.214723467827	3.71119766541
1.3016758	-0.078102491796	4.95143890381	-0.870245706469	-0.0615506768227	4.92835521698	0.513492286205	0.0767719969153	-0.38386002183	0.214311420918	3.70618503838
1.3106283	-0.0987509712577	4.97308492661	-0.761819735249	-0.0829880386591	4.94919395447	0.51582968235	0.0765955746174	-0.382977873087	0.215605556965	3.71356326266
1.3250685	-0.121330171824	4.99128055573	-0.892491607246	-0.104621425271	4.96748876572	0.519547045231	0.076314330101	-0.381571680307	0.217680573463	3.72533664235
1.341157	-0.137564569712	5.0079407692	-0.772452402562	-0.123426653445	4.9864449501	0.523040533066	0.0764534696937	-0.382267326117	0.220074295998	3.74012503584
1.3488101	-0.154492884874	5.0226984024	-0.853789653074	-0.140948221087	5.00283336639	0.524999976158	0.0762716382742	-0.381358206272	0.221153259277	3.74605772485
1.3585508	-0.175439104438	5.03800821304	-0.939619346316	-0.159906372428	5.017100811	0.527702450752	0.0758554190397	-0.379277139902	0.222477674484	3.75278450927
1.351529	-0.188471421599	5.04665994644	-0.984741345863	-0.175644636154	5.02937078476	0.526903092861	0.0752468928695	-0.376234471798	0.221319556236	3.74421131341
1.3378308	-0.211808338761	5.05693006516	-1.1562154875	-0.194834679365	5.03754472733	0.525616466999	0.0738255530596	-0.369127750397	0.219019949436	3.72643906002
1.3268526	-0.235442042351	5.07561397552	-0.901832624509	-0.216923192143	5.05255126953	0.524350762367	0.0728583857417	-0.364291965961	0.217224299908	3.71280378359
1.331248	-0.256187170744	5.09773445129	-0.753327222942	-0.238826468587	5.07364320755	0.525679469109	0.0725841149688	-0.362920582294	0.217805981636	3.71561200231
1.3216043	-0.267253667116	5.10541057587	-0.964353779406	-0.254635691643	5.08831214905	0.524282455444	0.0719576776028	-0.359788358212	0.216281712055	3.70450124444
1.3106278	-0.286722451448	5.12535572052	-0.773311385971	-0.272596508265	5.10596513748	0.522581160069	0.0713215470314	-0.356607705355	0.214564740658	3.69206852112
1.3167138	-0.310912966728	5.1456079483	-0.873780243907	-0.293619394302	5.12350559235	0.524592518806	0.070806466043	-0.354032307863	0.215348243713	3.69552680699
1.3154831	-0.327232539654	5.15947437286	-0.866481267462	-0.312123328447	5.13990783691	0.524824202061	0.0703887268901	-0.351943612099	0.215090215206	3.69276694056
1.3141843	-0.344238698483	5.17391443253	-0.866821862229	-0.329754024744	5.15537881851	0.525076985359	0.0699391141534	-0.349695563316	0.214817225933	3.68982464122
1.3112967	-0.365020781755	5.19060754776	-0.894075060357	-0.348943054676	5.1708316803	0.525151848793	0.0693383067846	-0.346691519022	0.214287996292	3.68485622273
1.3118513	-0.38385540247	5.20683193207	-0.859710852697	-0.36798119545	5.18708467484	0.525765657425	0.068930529058	-0.344652682543	0.214292347431	3.6837712917
1.312955	-0.403380066156	5.22585964203	-0.798288545537	-0.387410312891	5.20539426804	0.52634114027	0.068655602634	-0.343278050423	0.214400231838	3.68370513757
1.3212484	-0.427527368069	5.24529981613	-0.892979503458	-0.409048259258	5.22299528122	0.528587937355	0.0683188512921	-0.34159424901	0.215526759624	3.68989161529
1.3348157	-0.447029173374	5.26209688187	-0.859771966331	-0.429508388042	5.24062538147	0.531610250473	0.068290874362	-0.341454386711	0.217458665371	3.70190769344
1.3401299	-0.465624541044	5.27564907074	-0.941003222732	-0.448751419783	5.2557311058	0.53312087059	0.0679870024323	-0.339935064316	0.218154907227	3.7054474956
1.356258	-0.487798035145	5.29637002945	-0.81925017768	-0.469615936279	5.27412033081	0.53650188446	0.0680752322078	-0.340376168489	0.22045737505	3.71992382838
1.3612005	-0.503099322319	5.30475616455	-1.06943079403	-0.487159997225	5.28664875031	0.537980079651	0.0677010640502	-0.338505297899	0.22107732296	3.72278568516
1.3425063	-0.505408465862	5.29921150208	0.394634891473	-0.496484905481	5.29037475586	0.534988820553	0.0667995363474	-0.33399772644	0.218258559704	3.70302502797
1.321252	-0.510059893131	5.29858160019	1.43620353294	-0.503387749195	5.29234170914	0.5313590765	0.0659219622612	-0.329609811306	0.215083181858	3.68076348667
1.3144118	-0.513040065765	5.30286884308	-0.607447773218	-0.508615672588	5.29744291306	0.53006875515	0.0657338276505	-0.328669130802	0.214077711105	3.67387038625
1.3006513	-0.511551976204	5.30076694489	-0.616041764871	-0.510220468044	5.2991027832	0.52745038271	0.0653547570109	-0.326773822308	0.212052106857	3.65987455063
1.3010694	-0.522941410542	5.31563520432	-0.653677643231	-0.517313718796	5.30796575546	0.527443528175	0.0654418841004	-0.327209413052	0.212126493454	3.66058567664
1.2984177	-0.539717435837	5.33227968216	-0.789328320068	-0.529494524002	5.31982517242	0.527095198631	0.0652298107743	-0.326149076223	0.211712181568	3.65734836172
1.2984829	-0.560800075531	5.34875440598	-0.90748197822	-0.546158432961	5.33248662949	0.527590632439	0.0648097321391	-0.324048638344	0.211650729179	3.65583691855
1.2956574	-0.573962330818	5.36552762985	-0.665352755997	-0.561452507973	5.34953689575	0.526953518391	0.0648151412606	-0.324075698853	0.211248755455	3.65324692718
1.2824217	-0.587741494179	5.37784290314	-0.841436491799	-0.575769007206	5.36347198486	0.524611771107	0.0642632171512	-0.321316063404	0.209268629551	3.63886306481
1.2638946	-0.605045378208	5.39565086365	-0.771048702448	-0.591836154461	5.37969112396	0.52112621069	0.0636291280389	-0.318145662546	0.206516206264	3.61896870504
1.2555312	-0.623758137226	5.41568851471	-0.751222558449	-0.609449923038	5.39819765091	0.519594311714	0.063290476799	-0.3164524436	0.205264389515	3.60968387754
1.2373136	-0.636095106602	5.43156051636	-0.66072956364	-0.62444627285	5.41642904282	0.515873193741	0.0628463178873	-0.314231604338	0.202575206757	3.59030593266
1.2248188	-0.657124578953	5.45444154739	-0.743257869517	-0.642717778683	5.43661642075	0.513451874256	0.0624000020325	-0.312000006437	0.200708031654	3.57629530391
1.2346003	-0.684418261051	5.48217201233	-0.77746045835	-0.665760576725	5.45993709564	0.51567107439	0.0624752528965	-0.31237629056	0.202134013176	3.58626590374
1.2415875	-0.694976866245	5.49735355377	-0.607697062588	-0.682227492332	5.48056983948	0.516869187355	0.0628500655293	-0.314250349998	0.203193247318	3.59451083862
1.2232744	-0.695706665516	5.49681806564	0.937559558392	-0.689800322056	5.48936414719	0.513241887093	0.0622675195336	-0.311337590218	0.200467467308	3.57426754042
1.2107288	-0.697844445705	5.49720048904	-1.39386888687	-0.694219529629	5.49315929413	0.510821461678	0.0617837049067	-0.308918535709	0.198586404324	3.55988367438
1.1817825	-0.69185000658	5.48928546906	-0.648193285167	-0.692810535431	5.49075889587	0.50488615036	0.0608687661588	-0.304343819618	0.194260001183	3.52678429309
1.1484855	-0.691001117229	5.48567295074	-0.230800334374	-0.691598653793	5.48717546463	0.498013436794	0.0596861019731	-0.298430502415	0.18925178051	3.48705188433
1.1191806	-0.693947196007	5.48769617081	-0.968979425129	-0.692822873592	5.48691082001	0.491754114628	0.0586661025882	-0.293330490589	0.184829831123	3.45104990422
1.1138878	-0.70317864418	5.49787378311	-0.736694356202	-0.698738992214	5.49282836914	0.49061435461	0.0584739893675	-0.292369931936	0.184028923512	3.44440323075
1.1116474	-0.700142502785	5.50022983551	0.91085416482	-0.699889957905	5.49845790863	0.489697933197	0.0587403774261	-0.293701857328	0.183711111546	3.44283604011
1.1046014	-0.701355397701	5.50022411346	1.56619367825	-0.700743198395	5.49947309494	0.488223850727	0.0584387555718	-0.292193710804	0.182639956474	3.43374302216
1.1015213	-0.701475083828	5.49994134903	0.40050160425	-0.701145529747	5.49964284897	0.487571358681	0.0583108179271	-0.291554093361	0.182171702385	3.4297616579
1.088884	-0.697513699532	5.49539136887	-0.716355990741	-0.699028134346	5.49720859528	0.484745621681	0.0578872710466	-0.289436340332	0.180254340172	3.41365992742
1.0583243	-0.689346373081	5.48401975632	-0.62285411505	-0.693225622177	5.48908138275	0.47794431448	0.0567214079201	-0.283607035875	0.175598740578	3.37329913196
1.0246228	-0.688948452473	5.48367881775	-0.862698629228	-0.690658569336	5.4857878685	0.470020592213	0.0555705688894	-0.277852833271	0.170446634293	3.32768900516
1.0291749	-0.709859013557	5.50882911682	-0.693606053323	-0.702106714249	5.4995174408	0.470859825611	0.0559166446328	-0.279583215714	0.171147167683	3.3346327732
1.0274997	-0.719379007816	5.53015756607	-0.419813080308	-0.713002800941	5.52003479004	0.469522118568	0.0565771982074	-0.282885968685	0.170901417732	3.33491552768
1.0253701	-0.730044126511	5.55293416977	-0.437928256632	-0.723951220512	5.54244470596	0.468038856983	0.0572387352586	-0.286193668842	0.170584440231	3.3346517839
1.0186601	-0.739192783833	5.57418060303	-0.406600284217	-0.733931720257	5.56439876556	0.465424776077	0.0577493645251	-0.288746803999	0.169557392597	3.32807915833
1.006551	-0.747519075871	5.59530448914	-0.375469181716	-0.743046522141	5.58617305756	0.461385071278	0.0581259131432	-0.290629535913	0.167684853077	3.3140599664
0.9964856	-0.762028098106	5.62067747116	-0.519446158784	-0.755350708961	5.60940027237	0.457990467548	0.058428350836	-0.292141705751	0.16611713171	3.30220373398
1.001025	-0.777418613434	5.64944124222	-0.491305783382	-0.769690394402	5.63620758057	0.457970261574	0.0593957565725	-0.296978771687	0.16682600975	3.31172577839
1.0005616	-0.785970032215	5.66912651062	-0.409814195891	-0.78050994873	5.6587471962	0.456863641739	0.0600719861686	-0.300359874964	0.166753828526	3.31370535991
0.9912002	-0.795134365559	5.68990945816	-0.415303824277	-0.790387451649	5.68033647537	0.453459441662	0.0604780204594	-0.302390098572	0.165280044079	3.30313009719
1.0062515	-0.818410396576	5.72406673431	-0.598156636815	-0.808315813541	5.70810461044	0.456347584724	0.0615962557495	-0.30798125267	0.167651176453	3.32689158145
1.0264405	-0.828405082226	5.74729824066	-0.406285944636	-0.821632325649	5.7342672348	0.460180342197	0.063069075346	-0.315345406532	0.170840203762	3.35811475693
1.0242567	-0.827382266521	5.75920820236	0.0856712674395	-0.826338469982	5.75311994553	0.458407104015	0.0638317167759	-0.319158613682	0.170508921146	3.35841009024
0.99687755	-0.820741415024	5.75708055496	-1.26076309683	-0.823516368866	5.75819301605	0.451020419598	0.0632633715868	-0.316316872835	0.166169166565	3.3214225806
0.9673084	-0.82088971138	5.75572443008	0.108917269413	-0.821901321411	5.75693941116	0.443550288677	0.062161039561	-0.31080520153	0.161457002163	3.27813583947
0.96402043	-0.763497233391	5.83369922638	0.63450705199	-0.793918132782	5.84222316742	0.426987528801	0.0714320540428	-0.357160270214	0.160700917244	3.312675439
1.0772804	-0.842440545559	5.91521263123	-0.769381661591	-0.82566088438	5.88408136368	0.457681357861	0.0743690356612	-0.371845245361	0.179313480854	3.46595065926
1.0664208	-0.835003256798	5.90730714798	-0.754878612693	-0.832474529743	5.8997220993	0.454884231091	0.0740970373154	-0.370485216379	0.177549302578	3.45213025416
1.0423393	-0.824412941933	5.89761400223	-0.829588684567	-0.827872812748	5.90094614029	0.448417305946	0.0735811889172	-0.367905944586	0.173624813557	3.42126684964
1.0167094	-0.895130813122	5.81947517395	0.735585780589	-0.859230220318	5.81216001511	0.457738995552	0.0627703070641	-0.31385153532	0.169306218624	3.34475532341
0.86984795	-0.806021988392	5.74262285233	-0.859115061063	-0.824124634266	5.76836824417	0.416899561882	0.0586717426777	-0.293358713388	0.145764052868	3.1244619673
0.83885956	-0.812212109566	5.74817276001	-0.839891660659	-0.81591719389	5.75442934036	0.408197760582	0.0573192760348	-0.286596387625	0.140741288662	3.07041090999
0.8324465	-0.825822114944	5.76221227646	-0.769865453873	-0.822239041328	5.75830459595	0.406499087811	0.0569557249546	-0.284778594971	0.139708220959	3.05860945763
0.8354068	-0.829153060913	5.76616859436	-0.699794586493	-0.826785624027	5.76309251785	0.40734064579	0.0570904798806	-0.285452395678	0.140188455582	3.06393737084
0.837118	-0.828530013561	5.769510746	0.184295092156	-0.828188121319	5.76810836792	0.407353878021	0.0574471689761	-0.287235826254	0.14043712616	3.06811688392
0.83932495	-0.822714984417	5.77953672409	0.525574526046	-0.825607955456	5.77953481674	0.406016409397	0.0586937963963	-0.293468981981	0.140676081181	3.07666962253
0.8483594	-0.816947102547	5.7993850708	0.282806745573	-0.821667432785	5.79920482635	0.405409991741	0.0609123148024	-0.304561555386	0.141966462135	3.10012821371
0.8641988	-0.817526996136	5.82187128067	-0.0257820277852	-0.820643186569	5.81990337372	0.407266616821	0.0630855113268	-0.315427601337	0.144428789616	3.13389529402
0.8841127	-0.820367217064	5.84745168686	-0.110579668944	-0.822282731533	5.84347581863	0.410190701485	0.0654237046838	-0.327118545771	0.14759105444	3.17400791347
0.9037957	-0.821205615997	5.87423563004	-0.0312914741915	-0.823740005493	5.86996459961	0.412579357624	0.0679445788264	-0.339722901583	0.150732576847	3.21383889362
0.91882217	-0.820323586464	5.89577436447	0.0409277602977	-0.823545515537	5.89301776886	0.414022684097	0.0700310245156	-0.350155115128	0.153146266937	3.24451430778
0.9387334	-0.820976138115	5.92215824127	-0.0247278503438	-0.824157893658	5.91853141785	0.416440308094	0.0724697783589	-0.362348884344	0.1564001441	3.28314222131
0.95420814	-0.820395827293	5.94332456589	0.0274094858423	-0.823814809322	5.94078445435	0.418057978153	0.074465110898	-0.372325569391	0.158952355385	3.31317022665
0.9689133	-0.820068478584	5.96298742294	0.0166458706537	-0.823334634304	5.96083259583	0.419671058655	0.0762907937169	-0.381453990936	0.161404252052	3.34103958325
0.9605589	-0.8121560812	5.95873785019	-1.07792010791	-0.816653847694	5.96334075928	0.416660308838	0.076352827251	-0.381764173508	0.159974694252	3.33030203386
0.96843415	-0.817190289497	5.96479988098	-0.693022142018	-0.8170773983	5.96435880661	0.418876469135	0.0766206756234	-0.383103370667	0.161314368248	3.34193047807
0.97290164	-0.820031702518	5.96825361252	-0.688400323945	-0.819089591503	5.96648836136	0.420123934746	0.0767730474472	-0.383865267038	0.162073493004	3.3484813918
0.9769258	-0.822587549686	5.97136831284	-0.68713752775	-0.821489393711	5.96922874451	0.421243071556	0.0769098773599	-0.384549409151	0.162756800652	3.35435131705
0.9785078	-0.821035146713	5.9747376442	0.431740433964	-0.821652293205	5.9740152359	0.421032011509	0.077305316925	-0.386526554823	0.163019478321	3.35822773938
0.98049223	-0.812032580376	5.98472213745	0.733720441871	-0.816905915737	5.98676013947	0.418961107731	0.0787383317947	-0.393691629171	0.163335680962	3.36745192774
0.98820347	-0.802480220795	6.00219154358	0.500387267226	-0.809750020504	6.00548601151	0.41741001606	0.0808971747756	-0.404485851526	0.164635419846	3.38748838556
0.9990141	-0.795701384544	6.02102851868	0.345436507786	-0.802849292755	6.02427244186	0.416951596737	0.0830190107226	-0.415095001459	0.166494727135	3.41124504713
1.0090612	-0.786627471447	6.0402431488	0.441197658829	-0.794735372066	6.04447650909	0.415812015533	0.0853228569031	-0.426614224911	0.168250322342	3.43483265217
1.0173618	-0.777455508709	6.05697536469	0.501426092295	-0.785709440708	6.06240701675	0.414432406425	0.0874191820621	-0.437095910311	0.169726729393	3.45521733981
1.0159585	-0.765393078327	6.07523870468	0.583705321279	-0.774858117104	6.0821723938	0.409245193005	0.089674025774	-0.448370099068	0.169511795044	3.46464496097
0.9977787	-0.755744934082	6.09125232697	0.542250009054	-0.764203548431	6.09846639633	0.399188816547	0.0912828668952	-0.456414312124	0.166264235973	3.45044142596
0.9777229	-0.751727759838	6.11415910721	0.173604354587	-0.758025228977	6.11740684509	0.387832164764	0.0929700285196	-0.464850157499	0.162583887577	3.43400440155
0.9748705	-0.753725230694	6.14006567001	-0.0769492737649	-0.757517158985	6.13843154907	0.38261526823	0.0947378054261	-0.47368901968	0.162015140057	3.43957198855
0.98757356	-0.746670424938	6.16172409058	0.314890335984	-0.753075480461	6.16317033768	0.381656825542	0.0972555056214	-0.486277520657	0.164343893528	3.46862588928
1.0008304	-0.73811006546	6.18151569366	0.408228620259	-0.745640337467	6.18592071533	0.380879163742	0.0997691377997	-0.498845696449	0.166822314262	3.49811346986
1.0113542	-0.727915048599	6.19875240326	0.534124965775	-0.735948085785	6.20564222336	0.379227042198	0.102180913091	-0.510904610157	0.168828189373	3.5235605009
1.0096356	-0.716801941395	6.21263122559	0.675189636227	-0.724680840969	6.2214345932	0.373451411724	0.104264639318	-0.521323204041	0.168522298336	3.53265232791
0.9940539	-0.705923914909	6.22638607025	0.669135308633	-0.713244140148	6.23552417755	0.362239897251	0.106176219881	-0.530881106853	0.165502488613	3.5243314329
0.97610503	-0.610757410526	6.27899503708	1.06579738955	-0.648360073566	6.33342313766	0.316035926342	0.119922965765	-0.599614799023	0.16158670187	3.5799782128
1.013236	-0.713833868504	6.29983568192	-1.37129870288	-0.686792969704	6.26891469955	0.355637550354	0.111825577915	-0.559127867222	0.16932040453	3.5780792965
0.9981344	-0.596342325211	6.3254737854	1.35594993409	-0.631391763687	6.37302684784	0.308747768402	0.125939875841	-0.629699409008	0.166258275509	3.64041473171
1.013416	-0.587657809258	6.35215854645	0.31463937123	-0.598311424255	6.38402271271	0.305407464504	0.129529163241	-0.647645771503	0.169639885426	3.67843290878
1.0307382	-0.581993699074	6.37804603577	0.215402560553	-0.586166679859	6.3899102211	0.304335713387	0.13270150125	-0.663507580757	0.173562824726	3.71583504211
1.0658636	-0.581951618195	6.41689300537	0.00108303348767	-0.586940765381	6.41486883163	0.310252010822	0.136436492205	-0.682182610035	0.1815777421	3.77468945762
1.0685383	-0.573555350304	6.43191671371	0.509623434165	-0.579995453358	6.43810129166	0.304259717464	0.138869956136	-0.694349765778	0.182385146618	3.79133168984
1.0726492	-0.570453763008	6.456158638	0.127250762881	-0.575853943825	6.45959997177	0.297944009304	0.141619175673	-0.70809596777	0.183566629887	3.81124682562
1.0925057	-0.567322671413	6.48795890808	0.0981443156169	-0.573972761631	6.48880052567	0.297446191311	0.145016595721	-0.725082993507	0.188451766968	3.85066532677
1.0614524	-0.547997772694	6.47288942337	-0.908497879314	-0.552908301353	6.49473905563	0.278489232063	0.146011576056	-0.730057954788	0.181386649609	3.82495231541
1.0527371	-0.539686381817	6.49104309082	0.42935592864	-0.542631030083	6.50155210495	0.264342665672	0.148926451802	-0.744632363319	0.179556250572	3.83286872581
1.0728643	-0.53573101759	6.55993032455	0.0573551599804	-0.546589434147	6.55451774597	0.250882267952	0.156349077821	-0.781745374203	0.18510890007	3.89591755666
1.0773808	-0.642352163792	6.54787254333	1.45818586387	-0.612521469593	6.48151445389	0.301711499691	0.141149654984	-0.705748319626	0.184589147568	3.81341424923
1.0169919	-0.625300228596	6.51212406158	-0.445077210092	-0.626050829887	6.49798297882	0.275573670864	0.139568090439	-0.697840511799	0.170653641224	3.74075170384
1.0208557	-0.618898272514	6.5380525589	0.242068276977	-0.626528322697	6.53627729416	0.267428338528	0.142684936523	-0.713424742222	0.171643257141	3.76316332373
1.0195574	-0.610771536827	6.55866146088	0.375608698162	-0.618081212044	6.56628990173	0.25716894865	0.145529016852	-0.727645158768	0.171414375305	3.77847373009
1.0102483	-0.600116848946	6.57997751236	0.463519547267	-0.606484055519	6.5910077095	0.241223275661	0.148585617542	-0.742928147316	0.169208943844	3.78663917711
0.9939205	-0.597373485565	6.59880876541	0.144664098143	-0.600597977638	6.60436534882	0.225257098675	0.150267973542	-0.751339912415	0.165130615234	3.77929505862
0.984641	-0.59219866991	6.64402532578	0.113949220805	-0.600033283234	6.64404916763	0.204639136791	0.154206126928	-0.771030604839	0.162678003311	3.79311498921
0.9938244	-0.597850441933	6.65283298492	-0.570520828549	-0.599664866924	6.65306711197	0.210208654404	0.15432703495	-0.771635174751	0.165067970753	3.80354062123
1.0195581	-0.583441257477	6.68204259872	0.458276104495	-0.591432094574	6.69000005722	0.207726895809	0.159470304847	-0.79735147953	0.171822071075	3.86080350939
1.0398769	-0.573664665222	6.70285844803	0.439088336421	-0.579443514347	6.71507358551	0.207168459892	0.16316588223	-0.815829396248	0.177312910557	3.90290963696
1.0502484	-0.569912612438	6.72162866592	0.197291392235	-0.572950005531	6.72834062576	0.204769015312	0.165634185076	-0.828170955181	0.180214345455	3.92748931886
1.0534507	-0.573666393757	6.73608350754	-0.254081609355	-0.574807822704	6.73408555984	0.204302668571	0.166322618723	-0.831612944603	0.181115210056	3.93460239466
1.0554414	-0.571647942066	6.75508403778	0.105835596589	-0.57580935955	6.75392627716	0.198064565659	0.168372303247	-0.84186154604	0.181819319725	3.94842267175
1.0582618	-0.567875564098	6.77836561203	0.160637576314	-0.573563158512	6.78068399429	0.189912736416	0.171071782708	-0.85535889864	0.182820856571	3.96675983254
1.0689251	-0.562080085278	6.80318307877	0.22941053138	-0.560321927071	6.78902626038	0.1872138381	-0.173694327474	0.868471741676	0.185975432396	3.99194708116
1.085633	-0.550019025803	6.82528543472	0.499530502659	-0.545816719532	6.80947303772	0.200778126717	-0.172947525978	0.864737689495	0.190378010273	4.00325918418
1.1001575	-0.541915237904	6.8471660614	0.354698096201	-0.536242306232	6.83648443222	0.211734354496	-0.172418966889	0.862094759941	0.194145858288	4.01370013493
1.1089779	-0.534366905689	6.86415863037	0.418035460046	-0.530039191246	6.85711956024	0.220820605755	-0.171347171068	0.856735825539	0.196277141571	4.01576631991
1.0977108	-0.525453388691	6.88677167892	0.375473267294	-0.521579146385	6.87724494934	0.231136858463	-0.166403561831	0.832017719746	0.192601680756	3.97731045317
1.0816174	-0.535514295101	6.87119531631	0.573489632117	-0.53343629837	6.88393306732	0.221381008625	-0.166450515389	0.832252502441	0.188479959965	3.96236993539
1.0594916	-0.53561103344	6.87481832504	-0.0266965065957	-0.536611258984	6.87824869156	0.22151607275	-0.16259033978	0.812951683998	0.182362616062	3.91882696009
1.0304424	-0.538439691067	6.87889719009	-0.606346787517	-0.537935197353	6.88022899628	0.219866394997	-0.158038079739	0.790190339088	0.17458575964	3.863377822
0.9992394	-0.539132475853	6.88172626495	-0.240132564206	-0.538641214371	6.88239192963	0.219167888165	-0.152847468853	0.76423740387	0.166471064091	3.80037518511
0.965458	-0.545381128788	6.88775968552	-0.802922282116	-0.543133795261	6.89189910889	0.21557456255	-0.147984340787	0.739921689034	0.157952606678	3.73466406082
0.94929045	-0.554581940174	6.90257358551	-0.555781981824	-0.550614356995	6.90932893753	0.209770739079	-0.146713986993	0.733569920063	0.153877139091	3.70895453287
0.9554435	-0.550583004951	6.9181470871	0.251350707903	-0.549296796322	6.91675329208	0.214172780514	-0.146625012159	0.733125030994	0.155467510223	3.71527804233
0.9634714	-0.542167782784	6.92546987534	0.854695818958	-0.542466938496	6.91888332367	0.220784187317	-0.146250993013	0.731255054474	0.157539963722	3.72191641855
0.96352124	-0.542535543442	6.92555761337	-1.33717290692	-0.541543900967	6.92455625534	0.220592021942	-0.146311163902	0.731555879116	0.157549321651	3.72233829529
0.9635283	-0.542723953724	6.92557907104	-1.45862487814	-0.542314112186	6.92628145218	0.220486402512	-0.146340668201	0.731703400612	0.15754956007	3.72252577288
0.9634939	-0.542732357979	6.9255490303	0.272488910659	-0.542747318745	6.92597055435	0.22047328949	-0.146338239312	0.731691241264	0.157540857792	3.72247259551
0.96347684	-0.542689859867	6.92553663254	-1.28804366451	-0.542766034603	6.92556285858	0.22049331665	-0.146329894662	0.731649577618	0.15753698349	3.72240276972
0.9634571	-0.542646467686	6.92552185059	-1.24203915782	-0.542678833008	6.92544126511	0.220513284206	-0.146321192384	0.731606006622	0.157532572746	3.72232822871
0.96345854	-0.542601108551	6.92552804947	1.43504305196	-0.542605578899	6.92545747757	0.220538973808	-0.14631447196	0.731572449207	0.157533109188	3.72228829927
0.9634212	-0.542559981346	6.92549562454	-0.90477321327	-0.542564451694	6.92545604706	0.220553576946	-0.146304145455	0.731520831585	0.157524168491	3.72218406409
0.96340275	-0.542516887188	6.9254822731	-1.26817105056	-0.542523562908	6.92544317245	0.220573723316	-0.146295621991	0.731478214264	0.15752017498	3.72211227373
0.96338606	-0.542473614216	6.92547035217	-1.30248650428	-0.542480647564	6.92542934418	0.220594167709	-0.146287292242	0.731436491013	0.157516300678	3.72204292121
0.9633858	-0.542428612709	6.92547512054	1.46918403194	-0.542433440685	6.92542982101	0.220619499683	-0.146280437708	0.731402218342	0.157516658306	3.72200088785
0.9633477	-0.542387723923	6.92544174194	-0.887201137211	-0.542396068573	6.92540645599	0.220633625984	-0.146270051599	0.731350302696	0.157507538795	3.72189521727
0.9633496	-0.542342603207	6.92544841766	1.42144953077	-0.542348265648	6.9254026413	0.220659434795	-0.146263450384	0.731317341328	0.157508313656	3.7218570247
0.963331	-0.542299687862	6.92543506622	-1.2645541996	-0.542305648327	6.92539453506	0.220679461956	-0.146254986525	0.73127502203	0.157504141331	3.7217854343
0.96329474	-0.54387819767	6.9255771637	-1.48098409599	-0.543505787849	6.92670059204	0.219783723354	-0.146488592029	0.732442975044	0.157481849194	3.72316715459
0.964198	-0.543737888336	6.92648029327	0.15414238327	-0.543719112873	6.92668533325	0.220070421696	-0.146567344666	0.732836723328	0.157707214355	3.72464688265
0.9641777	-0.543695211411	6.92646503448	-1.22770142868	-0.543732762337	6.92648220062	0.220089793205	-0.146558687091	0.732793450356	0.157702624798	3.72457199975
0.9642224	-0.543645739555	6.92651414871	0.787211534923	-0.543660163879	6.92644500732	0.220127820969	-0.146556094289	0.732780456543	0.15771394968	3.72460497241
0.96417624	-0.543605864048	6.92647314072	-0.773969763991	-0.543613731861	6.9264292717	0.220139801502	-0.146544963121	0.732724845409	0.157702863216	3.72448634438
0.964133	-0.543565809727	6.92643547058	-0.814264089534	-0.543575465679	6.92639923096	0.220152497292	-0.146534204483	0.732671022415	0.157692670822	3.72437365368
0.9641139	-0.543523192406	6.92642116547	-1.24780051711	-0.543531477451	6.92637968063	0.220172047615	-0.146525606513	0.732628047466	0.15768802166	3.72429948672
0.9640957	-0.54348051548	6.92640781403	-1.27245379855	-0.543487608433	6.92636632919	0.220191895962	-0.146517142653	0.732585668564	0.157683908939	3.72422778686
0.9640775	-0.543437898159	6.92639493942	-1.27495081948	-0.543444693089	6.92635440826	0.220211803913	-0.146508738399	0.732543706894	0.157679855824	3.72415698205
0.9640386	-0.543397545815	6.92636108398	-0.873291960545	-0.543406963348	6.92632579803	0.2202257514	-0.146498337388	0.732491612434	0.157670617104	3.72405076994
0.9640422	-0.543352663517	6.92636966705	1.38328344158	-0.543358206749	6.92632293701	0.220251739025	-0.14649194479	0.732459723949	0.157671689987	3.72401542416
0.964024	-0.54331022501	6.92635631561	-1.26902319721	-0.543315887451	6.92631578445	0.220271527767	-0.14648348093	0.732417464256	0.157667636871	3.72394386865
0.9639859	-0.543269872665	6.92632341385	-0.888193630249	-0.543278872967	6.9262881279	0.220285534859	-0.146473184228	0.732366025448	0.157658576965	3.72383920515
0.96398723	-0.5432254076	6.92632961273	1.42906159519	-0.543231129646	6.92628383636	0.220310807228	-0.146466597915	0.732333064079	0.157659053802	3.72380003678
0.9639695	-0.543183028698	6.92631721497	-1.28385321515	-0.543188750744	6.92627668381	0.220330774784	-0.146458268166	0.732291460037	0.157655179501	3.7237303215
0.9639513	-0.5431407094	6.92630386353	-1.26628831979	-0.543147325516	6.92626428604	0.220350444317	-0.146449878812	0.732249438763	0.15765106678	3.7236591664
0.9639144	-0.54310041666	6.92627239227	-0.904288823385	-0.543109536171	6.92623662949	0.220364570618	-0.146439701319	0.732198536396	0.157642185688	3.72355606895
0.96387833	-0.54306012392	6.92624139786	-0.913386749971	-0.543070316315	6.92620420456	0.220379054546	-0.146429643035	0.732148349285	0.157633543015	3.72345508641
0.9638698	-0.543016910553	6.92623758316	-1.48682669422	-0.543023765087	6.9261932373	0.220401465893	-0.146422147751	0.732110798359	0.15763181448	3.72339989444
0.96384525	-0.54297542572	6.92621850967	-1.13556419246	-0.542982399464	6.92617940903	0.220419108868	-0.146413192153	0.732066035271	0.157625973225	3.72331804759
0.9638319	-0.542932868004	6.92620992661	-1.37345863655	-0.542939305305	6.92616891861	0.220440089703	-0.146405264735	0.732026398182	0.157623112202	3.72325512612
0.9638105	-0.542891144753	6.92619371414	-1.19968816502	-0.542898118496	6.92615461349	0.220458805561	-0.146396607161	0.73198312521	0.157618224621	3.72317902312
0.96379447	-0.542848944664	6.92618274689	-1.31616116527	-0.542855679989	6.92614269257	0.220478832722	-0.146388441324	0.731942296028	0.157614469528	3.72311119212
0.963776	-0.542806982994	6.92616939545	-1.26124246674	-0.542813777924	6.92612934113	0.220498323441	-0.146380066872	0.731900393963	0.157610297203	3.72303993293
0.9637566	-0.542765200138	6.92615509033	-1.24002262721	-0.542772173882	6.92611503601	0.220517337322	-0.146371588111	0.73185801506	0.15760576725	3.72296655692
0.96373934	-0.542723238468	6.92614269257	-1.28691656659	-0.542729973793	6.92610263824	0.220537006855	-0.146363332868	0.731816709042	0.157601833344	3.72289709419
0.9637923	-0.542673826218	6.92620038986	0.707284947453	-0.542671918869	6.92614412308	0.220577001572	-0.146361753345	0.731808781624	0.157615423203	3.72294632643
0.96371007	-0.542638897896	6.92612361908	-0.427779551704	-0.542649149895	6.92610263824	0.220577716827	-0.146347343922	0.731736779213	0.157595276833	3.72276718523
0.9636934	-0.542596995831	6.92611217499	-1.30340459277	-0.54260712862	6.9260725975	0.220597624779	-0.146339207888	0.731696069241	0.157591640949	3.72269967794
0.9636606	-0.5425568223	6.92608451843	-0.967964576137	-0.542566180229	6.92604589462	0.220612823963	-0.146329522133	0.731647670269	0.157583832741	3.72260452015
0.9636355	-0.542515933514	6.92606449127	-1.11736038275	-0.542524278164	6.92602491379	0.220629990101	-0.146320521832	0.731602668762	0.157577812672	3.72252136734
0.9636398	-0.542471945286	6.92607402802	1.36077128326	-0.542476296425	6.92602825165	0.220655798912	-0.146314412355	0.731572151184	0.157579302788	3.72248935911
0.9636027	-0.542432367802	6.92604207993	-0.89049358901	-0.542440056801	6.92600774765	0.220669686794	-0.146304249763	0.731521368027	0.1575704813	3.72238623963
0.9636043	-0.544008731842	6.92622184753	-1.4571917414	-0.543632626534	6.92733716965	0.219783902168	-0.146541848779	0.732709288597	0.157557606697	3.72383435777
0.9645065	-0.543870031834	6.92712402344	0.152497873562	-0.543848991394	6.92733192444	0.220069468021	-0.146620690823	0.733103454113	0.157782793045	3.72531290542
0.96448886	-0.543828487396	6.92711162567	-1.28407600594	-0.543865323067	6.92713117599	0.220088899136	-0.146612405777	0.733062028885	0.157778680325	3.72524267987
0.96445227	-0.543788969517	6.92708063126	-0.903382295983	-0.543813169003	6.92703294754	0.220102846622	-0.146602451801	0.733012199402	0.15777015686	3.72514227191
0.9644845	-0.543742179871	6.92711782455	0.901281927814	-0.543745338917	6.92705249786	0.220136761665	-0.14659896493	0.732994735241	0.157778561115	3.72515693361
0.96442276	-0.543705463409	6.92706155777	-0.576723959579	-0.54371291399	6.92703104019	0.220143318176	-0.146586552262	0.732932686806	0.15776348114	3.7250128956
0.9643962	-0.543664991856	6.9270401001	-1.08162691906	-0.543674230576	6.92700338364	0.220160126686	-0.146577477455	0.732887387276	0.157757282257	3.72492845646
0.9643627	-0.543625354767	6.92701196671	-0.951359171601	-0.54363489151	6.92697477341	0.220174670219	-0.146567776799	0.732838869095	0.157749056816	3.72483181631
0.9643698	-0.543581426144	6.92702388763	1.30381342348	-0.543586015701	6.92697715759	0.220201075077	-0.146561905742	0.732809484005	0.157751142979	3.72480378387
0.96433145	-0.543542325497	6.92699098587	-0.871216808459	-0.543549895287	6.92695665359	0.220214247704	-0.146551728249	0.732758641243	0.157741963863	3.72469928463
0.9643327	-0.543499112129	6.92699718475	1.42420628789	-0.543504357338	6.92695379257	0.22023910284	-0.146545305848	0.732726514339	0.157742738724	3.7246618324
0.9642942	-0.543460190296	6.92696428299	-0.868086580286	-0.543468356133	6.92693042755	0.220252275467	-0.146535202861	0.73267608881	0.157733559608	3.72455814136
0.96427876	-0.543418824673	6.92695379257	-1.32686131293	-0.543426334858	6.92691373825	0.220271885395	-0.146527215838	0.732636034489	0.15772986412	3.72449169616
0.96428007	-0.543375730515	6.92696046829	1.41817190275	-0.543380022049	6.92691612244	0.220296680927	-0.146520867944	0.732604324818	0.157730638981	3.72445499366
0.9642429	-0.543336749077	6.9269285202	-0.885012747668	-0.543344497681	6.9268951416	0.220310091972	-0.14651080966	0.732554018497	0.157721757889	3.72435237393
0.9642248	-0.543295800686	6.9269156456	-1.26871749181	-0.54330354929	6.92687654495	0.220329105854	-0.146502643824	0.732513189316	0.157717645168	3.72428289579
0.96428233	-0.543246865273	6.92697811127	0.664520987009	-0.543244481087	6.92692041397	0.22036999464	-0.146501556039	0.732507765293	0.157732307911	3.72433983059
0.9641912	-0.543213784695	6.92689275742	-0.369298303311	-0.543224573135	6.9268746376	0.220367670059	-0.146486535668	0.732432723045	0.157709896564	3.72414765306
0.96418005	-0.543172240257	6.92688655853	-1.42615190613	-0.543182075024	6.92684650421	0.220388650894	-0.14647898078	0.732394993305	0.157707512379	3.72408938403
0.9641609	-0.54313158989	6.92687273026	-1.24541372861	-0.543138921261	6.92683124542	0.220407187939	-0.146470680833	0.732353448868	0.157703101635	3.7240174806
0.9641441	-0.543090701103	6.92686128616	-1.29785022056	-0.543096899986	6.92682123184	0.220426440239	-0.146462664008	0.732313394547	0.157699286938	3.72395029174
0.964108	-0.543051958084	6.92683076859	-0.900044760163	-0.543060481548	6.92679643631	0.220440030098	-0.146452799439	0.732264101505	0.15769058466	3.72385017046
0.964088	-0.54301148653	6.92681598663	-1.21748160788	-0.543019413948	6.92677736282	0.220458328724	-0.146444484591	0.732222497463	0.157686054707	3.72377767317
0.9640905	-0.54296875	6.92682361603	1.39651567473	-0.542973101139	6.92677927017	0.220482945442	-0.146438270807	0.732191443443	0.157686948776	3.72374232908
0.9640538	-0.542930185795	6.92679214478	-0.88725127258	-0.542937755585	6.92675876617	0.220496356487	-0.146428361535	0.732141911983	0.157678186893	3.72364143168
0.9640561	-0.542887508869	6.92679977417	1.39750919676	-0.542892575264	6.92675638199	0.220520973206	-0.146422147751	0.732110798359	0.157679080963	3.72360602723
0.96403754	-0.54284709692	6.92678642273	-1.25074855091	-0.542852699757	6.92674827576	0.22053951025	-0.146414011717	0.732070088387	0.157674908638	3.7235361908
0.96405977	-0.542802333832	6.92681360245	1.02386798353	-0.542803883553	6.92676639557	0.22056978941	-0.146409660578	0.732048332691	0.157680690289	3.72353392914
0.96397686	-0.542768895626	6.92673635483	-0.408773545714	-0.542780995369	6.92671537399	0.2205696702	-0.14639544487	0.731977283955	0.157660424709	3.72335571641
0.9639729	-0.542727053165	6.92673778534	1.5384334367	-0.542735695839	6.92669487	0.220592558384	-0.146388694644	0.73194360733	0.157659888268	3.72331076002
0.9639306	-0.54268938303	6.92670106888	-0.795217629411	-0.542698681355	6.92666625977	0.220604121685	-0.146378308535	0.73189163208	0.157649695873	3.72320058798
0.9639205	-0.542648255825	6.92669582367	-1.44721382074	-0.542655050755	6.92665433884	0.220624923706	-0.146370947361	0.731854856014	0.157647430897	3.72314427791
0.96389663	-0.542608678341	6.92667770386	-1.13631210766	-0.542615532875	6.92664003372	0.22064191103	-0.14636233449	0.731811702251	0.157641947269	3.72306569052
0.9638821	-0.542568147182	6.92666816711	-1.34080766342	-0.542574465275	6.92662906647	0.220661461353	-0.146354585886	0.731773018837	0.157638609409	3.72300235447
0.9638627	-0.54252821207	6.92665433884	-1.23390876616	-0.542534708977	6.9266166687	0.220679521561	-0.146346390247	0.731732010841	0.157634198666	3.72293098969
0.96384686	-0.542487919331	6.92664384842	-1.31121907869	-0.542494237423	6.92660522461	0.220698654652	-0.146338567138	0.731692969799	0.157630622387	3.72286606416
0.963829	-0.544068217278	6.92680454254	-1.46958109728	-0.543693065643	6.92792654037	0.219806373119	-0.146574556828	0.732872784138	0.157613039017	3.72428252554
0.96473104	-0.543931126595	6.92770671844	0.15080566011	-0.543910980225	6.92791604996	0.220091164112	-0.146653577685	0.733267903328	0.15783816576	3.72576169202
0.9647326	-0.543889045715	6.92771339417	1.41078883529	-0.543923616409	6.92772912979	0.220115184784	-0.146647334099	0.733236670494	0.157838821411	3.72572498264
0.9647461	-0.543845713139	6.92773246765	1.15979243894	-0.543862402439	6.92767477036	0.220142900944	-0.146642327309	0.733211636543	0.157842636108	3.72571002691
0.96468693	-0.54381018877	6.92767858505	-0.584360453643	-0.543821156025	6.92763996124	0.220149278641	-0.146630316973	0.733151555061	0.157828092575	3.72557076602
0.9646679	-0.543770372868	6.92766523361	-1.24463092405	-0.543777883053	6.92762422562	0.220167636871	-0.146622225642	0.733111143112	0.15782392025	3.72550131709
0.9646509	-0.543730437756	6.92765331268	-1.28605147278	-0.543736577034	6.9276137352	0.220186233521	-0.14661423862	0.733071148396	0.157819867134	3.72543328368
0.9646335	-0.543690562248	6.92764139175	-1.28399576704	-0.543696641922	6.92760324478	0.22020483017	-0.146606296301	0.733031451702	0.157815933228	3.72536597128
0.96461594	-0.543650746346	6.92762947083	-1.27790254484	-0.543657004833	6.92759132385	0.220223248005	-0.14659832418	0.732991635799	0.157811820507	3.72529790591
0.9645781	-0.543613135815	6.9275970459	-0.859506587013	-0.543621957302	6.92756414413	0.220235943794	-0.14658844471	0.732942223549	0.157802760601	3.72519610276
0.9645797	-0.543571412563	6.92760419846	1.40531627758	-0.543576657772	6.92756080627	0.220259964466	-0.146582275629	0.732911407948	0.157803595066	3.72516048707
0.964545	-0.543533563614	6.92757463455	-0.911232694229	-0.543541014194	6.92754077911	0.220273315907	-0.146572694182	0.732863426208	0.157795190811	3.72506343244
