Position_x	Position_y	Yaw
0.339635041943	0.561325089461	0.0116148808689
0.339634932212	0.561288896385	0.0116124659206
0.339633893341	0.561254161642	0.0116346736835
0.33963445871	0.561218658978	0.0116440296891
0.339633527673	0.561183068151	0.0116603905033
0.339633499683	0.561149778135	0.0116755985583
0.339632822104	0.561114053764	0.0116736361044
0.339632014879	0.561079458293	0.011693831274
0.339632497003	0.561045454127	0.0117161899521
0.3396320019	0.561011883949	0.0117308363447
0.339631741303	0.56097840097	0.0117549842117
0.339631227865	0.560945468495	0.0117753949201
0.339631252087	0.560908541691	0.0118045505012
0.339631136	0.560872349952	0.0118021579963
0.33963009083	0.560837616755	0.0118243883788
0.339630649911	0.560802115324	0.0118337692804
0.339629712437	0.560766525996	0.0118501518087
0.339629678629	0.560733237276	0.0118653821778
0.339628994623	0.560697514332	0.0118634410801
0.339628181244	0.560662920253	0.0118836593329
0.339628657356	0.560628917299	0.0119060412808
0.339628156185	0.560595348489	0.0119207110186
0.339627889628	0.56056186687	0.0119448805396
0.339627370197	0.560528935767	0.0119653137813
0.339627387884	0.560492010287	0.011994494137
0.339627265417	0.560455819884	0.0119921243637
0.33962621392	0.56042108823	0.0120143776667
0.339626766689	0.560385588032	0.0120237837696
0.33962582275	0.560350000201	0.0120401883148
0.339625783102	0.560316712775	0.0120554412866
0.339625092641	0.560280991257	0.0120535218426
0.339624273083	0.560246398568	0.0120737634899
0.33962474316	0.560212396824	0.0120961690137
0.339624235894	0.560178829378	0.0121108623981
0.339623963354	0.560145349116	0.0121350538689
0.339623437905	0.560112419384	0.0121555099374
0.339623449031	0.560075495225	0.0121847153606
0.339623320161	0.560039306156	0.0121823686067
0.339622262307	0.560004576045	0.0122046451312
0.339622808741	0.559969077078	0.0122140767406
0.339621858309	0.559933490744	0.0122305036054
0.339621812797	0.559900204611	0.0122457794684
0.339621115855	0.559864484517	0.0122438819756
0.339620290092	0.559829893214	0.0122641473285
0.33962075411	0.559795892677	0.012286576734
0.339620240725	0.559762326593	0.0123012940664
0.339619962177	0.559728847686	0.0123255077826
0.339619430684	0.559695919322	0.0123459869713
0.339619435225	0.559658996482	0.0123752177549
0.339619299927	0.559622808745	0.0123728943083
0.339618235688	0.559588080176	0.0123951943549
0.339618775762	0.559552582439	0.0124046517761
0.339617818809	0.559516997601	0.0124211012629
0.339617767412	0.559483712758	0.0124364003057
0.339617063959	0.559447994088	0.0124345250614
0.339616231967	0.559413404168	0.0124548144308
0.33989717603	0.566902397247	0.0160182963685
0.340297541071	0.588532865689	0.016791303283
0.340717343605	0.61352962174	0.0167850927972
0.341136957143	0.63852667985	0.0167725967935
0.341556405005	0.663523230311	0.0167654826719
0.341975602018	0.688520099534	0.0167651976274
0.342394749227	0.713516853959	0.0167629669302
0.342813958539	0.738513556526	0.0167540949098
0.343232950713	0.763510114199	0.0167445733991
0.343651486857	0.788506743284	0.01674098895
0.34406991748	0.813503389084	0.0167401421234
0.344139722707	0.828083445986	0.013926543453
0.343601099854	0.829003618149	0.0467841041315
0.342772397767	0.829155067852	0.0887321280341
0.341950915397	0.829338615315	0.130692035171
0.341137346327	0.829554234443	0.172670030282
0.34033358443	0.829801479733	0.214650870542
0.339540991108	0.830080491559	0.256633423446
0.338761299854	0.830391366907	0.298609102409
0.337996187191	0.830734386451	0.340572929281
0.337247469725	0.831109751464	0.382518614161
0.336516951343	0.831517575732	0.424441682113
0.342675431203	0.838625134671	0.470352326987
0.353780402395	0.859263087679	0.475958712514
0.365235785766	0.881485086501	0.475952465331
0.376690552693	0.903706105704	0.475942117811
0.388144997122	0.925926822193	0.475923142252
0.39959898794	0.948148778973	0.475909896162
0.411052865735	0.970371154434	0.475904849651
0.422506625136	0.992593018885	0.475899382801
0.433960125408	1.01481453238	0.475888744074
0.445413216809	1.03703655668	0.47588054095
0.456866218248	1.05925900029	0.475877799548
0.468319355759	1.08148124514	0.475874300733
0.479772363046	1.10370321621	0.475866891204
0.491225000738	1.12592539821	0.47586003311
0.502676165557	1.14815474999	0.475883590405
0.514136340551	1.17039950126	0.476071826396
0.525594811379	1.19261860657	0.476071593372
0.53705215815	1.21483920411	0.476076677444
0.548509074529	1.23705898112	0.47608821916
0.559966368652	1.2592782266	0.476092997394
0.571424160083	1.28149776658	0.476090373321
0.58288205536	1.30371787566	0.476088574385
0.594339546553	1.32593782253	0.476092032853
0.605796942642	1.34815724036	0.476095620135
0.609362421169	1.35934353393	0.446522014947
0.610104801991	1.35934708132	0.406562814969
0.610921450666	1.35913805228	0.364560392658
0.611743991585	1.3589618914	0.322656850702
0.612573084996	1.35881889157	0.280755299146
0.613407666417	1.35870995944	0.238847658499
0.617344037934	1.36616880961	0.271531639886
0.623914710177	1.38772148728	0.278203386213
0.630781836594	1.41176312723	0.278128342927
0.637645765269	1.43580274893	0.278047294527
0.644508368653	1.45984230589	0.278020537076
0.651370738921	1.48388327617	0.278017672981
0.658232644126	1.50792489983	0.277991276605
0.665093407617	1.53196572628	0.277945170309
0.671953170847	1.55600612689	0.277917585914
0.678812407408	1.58004705506	0.277912398698
0.685671443684	1.60408846549	0.277904642877
0.69253013444	1.62812968467	0.277883203119
0.699388378395	1.65217066822	0.277861482344
0.706246018806	1.67621181927	0.277852556706
0.713103354334	1.70025318605	0.277848938799
0.719960579971	1.72429450246	0.277840474488
0.726817803298	1.74833576449	0.277826982298
0.73367460483	1.77237716594	0.277816689274
0.740530957052	1.79641863992	0.277812506327
0.747387161318	1.82046003366	0.277808971237
0.754243542846	1.84450140193	0.277802408111
0.761099839432	1.86854297093	0.277793050973
0.767955627472	1.8925846161	0.277787129874
0.774811134998	1.91662613633	0.277784199741
0.781666759191	1.9406675602	0.277781515008
0.788522604217	1.96470918859	0.277774970455
0.795378047426	1.98875099406	0.277767991349
0.802231593166	2.01279413034	0.27778926994
0.809072715126	2.03686037847	0.278029756144
0.815940013461	2.0609282376	0.278351733183
0.822830180078	2.08500662776	0.278684863303
0.829710128809	2.1090736955	0.278923123042
0.836595799642	2.13310180935	0.278971647816
0.843479880765	2.1571345099	0.278987952622
0.850364656033	2.18116802877	0.278997146705
0.857249442519	2.20520206807	0.278995315183
0.864133774106	2.2292348915	0.278994713693
0.865705955607	2.24247383361	0.246409582864
0.866413669836	2.24297841507	0.209552088914
0.867255543493	2.24293017645	0.167586707946
0.868100669805	2.24291681084	0.125593207272
0.868944178346	2.2429375792	0.0836185169216
0.870661676543	2.25033872284	0.0995743474291
0.873122044767	2.27193548926	0.102813417434
0.875688618693	2.29680294662	0.102765745069
0.878257428859	2.32167354644	0.10275910864
0.880823791033	2.34654748557	0.102740158242
0.883386323009	2.37141913856	0.10269263457
0.885948296462	2.39628739377	0.102651078686
0.88851176922	2.42115616792	0.102638378068
0.891074968746	2.44602737261	0.102633304363
0.893636106298	2.47089851901	0.102610837072
0.89619620585	2.49576756223	0.102580798035
0.898756665006	2.52063598018	0.10256391181
0.899386908746	2.53505884868	0.0927498947891
0.898811505385	2.53595085257	0.127099434692
0.897999247784	2.53616632325	0.1690442587
0.897197609309	2.53641584311	0.210968730088
0.896407633099	2.53669944261	0.252878395309
0.900690651436	2.5440496113	0.295089952799
0.907792331076	2.56549526042	0.302329466317
0.915236290408	2.58936173732	0.302257400111
0.922678618972	2.6132280339	0.302221758117
0.930120417932	2.63709523612	0.302217645585
0.937562025172	2.66096356122	0.302202764037
0.945002824871	2.68483133105	0.302166678641
0.952442811932	2.70869855179	0.302137175715
0.959882122351	2.73256608019	0.302128478913
0.967321182286	2.75643415828	0.302123913258
0.974760013727	2.7803021889	0.302109249592
0.982198634957	2.80416997205	0.302089756306
0.98963670829	2.82803786581	0.302078647311
0.997074353999	2.8519059794	0.302075030235
1.00451185205	2.87577408523	0.302069710098
1.01194946959	2.89964210937	0.302059437096
1.01938688111	2.9235102778	0.302048609313
1.02682376103	2.94737855786	0.302043281214
1.03426037803	2.9712467653	0.302040380678
1.04169713714	2.99511488362	0.302036052594
1.04913405258	3.01898318479	0.302027832869
1.05657050606	3.04285165114	0.302021096191
1.06400655642	3.0667200242	0.302017966041
1.07143612486	3.09060318462	0.302150600747
1.07329005635	3.10357215729	0.272238097386
1.07403833704	3.10399638936	0.234544112644
1.07488367072	3.10393292032	0.1924181373
1.07573005356	3.10390235287	0.150310279854
1.07859081812	3.11133721732	0.176677350693
1.08292248663	3.13294899424	0.181700075163
1.08744459295	3.15753900418	0.181676552356
1.09196408665	3.18213395606	0.181642799978
1.09647949823	3.20672660304	0.181581080313
1.10099341075	3.23131446636	0.181526944877
1.10550814651	3.25590309522	0.181503786475
1.11002267777	3.28049517019	0.181490440392
1.11453530526	3.30508756467	0.181461494832
1.11549462828	3.31915543554	0.15574206387
1.11613367722	3.31990741622	0.120502575386
1.11697723467	3.31993299481	0.0785388916397
1.11781674617	3.31999180514	0.0365927265752
1.1186540753	3.32008518076	-0.00536372060086
1.11948591104	3.32021273969	-0.0473083995921
1.11845687724	3.32757938531	-0.0599073850744
1.11696954105	3.3491400313	-0.0620954927232
1.11541975172	3.37409627776	-0.0620702778448
1.11386886396	3.39905335935	-0.0620741404889
1.11231700045	3.42400820183	-0.062090432906
1.11076550451	3.44896099521	-0.0620891671757
1.10921514453	3.47391437329	-0.0620705557728
1.10766477063	3.49886919205	-0.0620641340794
1.10611368073	3.52382327345	-0.0620731836761
1.10456252502	3.54877582724	-0.0620771034942
1.10301187969	3.57372807586	-0.0620693603863
1.10146154841	3.59868134025	-0.0620616004733
1.10109228785	3.61324808845	-0.0541452660135
1.1016683598	3.61428291959	-0.087342763501
1.1024901368	3.61447543303	-0.129304517072
1.10330185707	3.61469907792	-0.171270331655
1.10410557299	3.61495509465	-0.213275718468
1.10031140771	3.62233558669	-0.252361630811
1.09419373047	3.64386622178	-0.258947600492
1.08779186135	3.66802976589	-0.25889152552
1.08139013659	3.69219808374	-0.258829469614
1.07499050322	3.71636981528	-0.258801088792
1.06859268011	3.74053931265	-0.258791753069
1.0621953119	3.76470562168	-0.258770809094
1.05579762093	3.78887284172	-0.258740192966
1.05384527594	3.80211528132	-0.243820219869
1.05426444437	3.80269529108	-0.280781604514
1.05492902977	3.8029938835	-0.321852438256
1.05568192208	3.80336195432	-0.363776417617
1.05642016912	3.80376308353	-0.40571591454
1.05713855313	3.80419366848	-0.447606263226
1.05783777474	3.80465509077	-0.48946071991
1.05851489197	3.80514484087	-0.53124603143
1.05916958514	3.80566278394	-0.572965682581
1.05196066802	3.81250354566	-0.609625170108
1.03793886026	3.83188502905	-0.614470665727
1.02352500019	3.85231135585	-0.614522667731
1.00911076471	3.87273755832	-0.614528130553
0.994696616892	3.89316338311	-0.614529267011
0.980282768962	3.91358868787	-0.614540258983
0.965868269471	3.93401454103	-0.614552954024
0.951453595342	3.95444032119	-0.614560564333
0.937038744089	3.9748660184	-0.614567960296
0.922623806784	3.99529141308	-0.614579007498
0.908208584616	4.01571663466	-0.614590811516
0.893793100361	4.03614178987	-0.614598926144
0.879377455534	4.05656689384	-0.614605568878
0.864961737614	4.0769918539	-0.614614594048
0.850545823856	4.0974166201	-0.614625698704
0.836109610962	4.11785734878	-0.614627526886
0.821664829679	4.13830800423	-0.614557669415
0.807253653038	4.15873365339	-0.614542115875
0.792839031604	4.17915948942	-0.614556938182
0.778424380941	4.19958479046	-0.614570134928
0.764009257128	4.22001045754	-0.614578458824
0.74959407633	4.24043585758	-0.614585608582
0.735178777581	4.26086106323	-0.614596115852
0.720763262732	4.28128600607	-0.614607982721
0.706347427422	4.30171091451	-0.614616635439
0.691931407869	4.32213576535	-0.614623525553
0.6867960269	4.33143940558	-0.597987096908
0.686795236855	4.33143488313	-0.597981980013
0.686795228896	4.33143521885	-0.597990209348
0.68679557498	4.33143505606	-0.59799774122
0.686795720253	4.3314351697	-0.598005606781
0.686795971462	4.33143512591	-0.59801325215
0.686796158396	4.33143516705	-0.59802099051
0.686796376692	4.33143515836	-0.598028651041
0.686796573649	4.33143517532	-0.598036332363
0.686796779193	4.33143517614	-0.598043982457
0.686796977101	4.33143518436	-0.598051632937
0.686797176817	4.33143518708	-0.598059268457
0.68679737342	4.33143519168	-0.598066899564
0.686797569948	4.3314351942	-0.598074522108
0.68722077805	4.33183680559	-0.637083282461
0.68781125586	4.33242049538	-0.678574369446
0.688376295931	4.33302547846	-0.719971179018
0.688915732679	4.33365087709	-0.761292648624
0.689427876714	4.33429737955	-0.802552775863
0.689905753945	4.33498443764	-0.844079211735
0.690354854071	4.3356910207	-0.885714485747
0.69077499497	4.33641717364	-0.927443601409
0.683576730288	4.34310193836	-0.907143930987
0.66479402859	4.35824565273	-0.903298342475
0.645160618864	4.37372126702	-0.903315844187
0.625526408712	4.38919666471	-0.903334091385
0.605891700214	4.40467120343	-0.903343785337
0.58625661866	4.42014564048	-0.903349763969
0.566621880084	4.43562027461	-0.903359301617
0.546985915265	4.45110888083	-0.9033497606
0.527348772021	4.46658304021	-0.90339765366
0.507713974062	4.4820553932	-0.903397310011
0.488079205713	4.49752856414	-0.903381645113
0.479228677772	4.50319349124	-0.92652109778
0.479511182165	4.50384140062	-0.967325488969
0.479862558291	4.50460887117	-1.00927641833
0.480184492403	4.50538924714	-1.05122977617
0.480476747238	4.50618110878	-1.09318553993
0.480738904597	4.50698323618	-1.13514510596
0.480970348828	4.50779454873	-1.17711036674
0.481170290712	4.50861403144	-1.21908294079
0.481337828903	4.50944066239	-1.26106365734
0.48147203947	4.5102733534	-1.30305234409
0.474019342756	4.51454044233	-1.26814812946
0.452534891114	4.52182915777	-1.2612005759
0.428724402541	4.52944700947	-1.26134163583
0.404911857736	4.53706102823	-1.26139451788
0.381099515527	4.54467341444	-1.26140519911
0.357288239833	4.55228533766	-1.2614509265
0.333476051418	4.55989641647	-1.26152787555
0.309662199517	4.56750579167	-1.26157385292
0.285848048029	4.57511392356	-1.26158550809
0.262034498517	4.58272156981	-1.26160172476
0.238220966787	4.590328865	-1.26163853637
0.225205098092	4.59234172265	-1.2929693401
0.224843731643	4.59291692468	-1.32946361375
0.225033823194	4.59356297864	-1.36896196343
0.225071067163	4.59440019088	-1.41090104706
0.225072158661	4.59524635302	-1.45294312157
0.225041901419	4.59609160614	-1.49500156268
0.224979405712	4.59693325798	-1.5369830165
0.224885507202	4.59776945796	-1.5789389226
0.224758110016	4.59860274533	-1.62092161659
0.224597768288	4.59942872388	-1.66289156657
0.224403363881	4.60024757719	-1.70485791333
0.224175229727	4.60105676542	-1.74680429556
0.216799902459	4.59759914197	-1.78332473252
0.195235623755	4.59240758799	-1.78948137372
0.170833143009	4.58698462835	-1.78932816023
0.146430760548	4.58156489072	-1.7892789905
0.122025804917	4.5761455002	-1.78927963943
0.0976196802153	4.57072639295	-1.78923603479
0.0732144360523	4.56530915369	-1.78915112921
0.048809744525	4.55989386355	-1.78910376819
0.0244040287211	4.55447928661	-1.78910216602
-2.62110740346e-06	4.54906470392	-1.7890950508
-0.024409088141	4.5436505789	-1.78905885097
-0.0488151259833	4.53823739108	-1.78902462504
-0.0732214798403	4.53282494114	-1.78901816845
-0.0976283612384	4.5274126173	-1.78902106383
-0.122035258567	4.52200027906	-1.78901134619
-0.14644194256	4.51658810261	-1.78899316274
-0.170848730942	4.51117640242	-1.78898508688
-0.18448774009	4.50957830526	-1.77639162193
-0.185162298945	4.51013025988	-1.81383840795
-0.18547647162	4.51090887434	-1.85570720789
-0.185821350273	4.51167377967	-1.89757062253
-0.18619599214	4.512424611	-1.93944578558
-0.186598768005	4.51316008374	-1.98132101724
-0.187028549104	4.51387953848	-2.02320321901
-0.187484127289	4.51458189041	-2.06508546141
-0.187964693417	4.51526612692	-2.10696518683
-0.194868022239	4.50831700775	-2.14945103552
-0.214575736635	4.49493031435	-2.15511746522
-0.235427057242	4.48113980112	-2.15510171513
-0.256280093464	4.46734940606	-2.15509636125
-0.277132777523	4.4535588247	-2.15509497729
-0.297984480949	4.43976845481	-2.15508807025
-0.318836417239	4.42597851856	-2.15507967738
-0.339689202111	4.41218889438	-2.15508008847
-0.360542004633	4.39839889178	-2.15508462493
-0.381394253198	4.38460855735	-2.15508451754
-0.402246418874	4.37081843142	-2.1550791494
-0.423099062452	4.35702881838	-2.15507998972
-0.4439517744	4.34323908148	-2.15508709882
-0.464818423173	4.32943436176	-2.15500675695
-0.48567698315	4.31564556579	-2.15492673333
-0.50653259778	4.30185881895	-2.15494810448
-0.527386223638	4.28807225754	-2.1549726415
-0.548239007608	4.27428520822	-2.1549881583
-0.569093322407	4.26049674594	-2.15499665942
-0.589948007795	4.24670808866	-2.15500525572
-0.610801446079	4.23292002873	-2.15501901759
-0.631653895459	4.21913199674	-2.15503129446
-0.652506917237	4.20534308413	-2.15503835404
-0.662128211457	4.20039986276	-2.13688357782
-0.66212755796	4.20038950033	-2.13688189921
-0.662129090294	4.20038899885	-2.1368947974
-0.662130294386	4.20038866955	-2.13690575496
-0.662131393996	4.20038833245	-2.13691522741
-0.662132308533	4.20038805909	-2.13692343966
-0.662133124017	4.20038779968	-2.13693062284
-0.662133827237	4.20038757337	-2.13693694376
-0.662134454017	4.20038736259	-2.13694255454
-0.662135008186	4.2003871713	-2.13694757367
-0.662135507239	4.2003869925	-2.13695210367
-0.662135957762	4.20038682609	-2.1369562272
-0.662136369602	4.20038666883	-2.1369600141
-0.662136748499	4.20038651979	-2.13696352158
-0.662137100554	4.20038637721	-2.13696679748
-0.662137430087	4.20038624017	-2.13696988125
-0.6621318837	4.20038980138	-2.13697823508
-0.662123179373	4.20039275609	-2.1369986439
-0.662119636277	4.20039536032	-2.13700080746
-0.66213572855	4.20040008328	-2.13705895546
-0.662137956902	4.20039844058	-2.13710548975
-0.662139756704	4.20039747023	-2.13710959523
-0.66214125065	4.20039672047	-2.13710749737
-0.662142502652	4.2003960991	-2.13710492199
-0.662143555582	4.20039557558	-2.13710270266
-0.662144443418	4.20039513193	-2.13710090034
-0.662145194131	4.20039475441	-2.13709946404
-0.662145830919	4.20039443181	-2.13709833499
-0.662146373052	4.20039415483	-2.13709746174
-0.662146836538	4.20039391575	-2.13709680111
-0.66214723468	4.20039370816	-2.13709631716
-0.662147578531	4.20039352673	-2.13709598
-0.662147877273	4.20039336704	-2.13709576481
-0.662148138537	4.2003932254	-2.13709565096
-0.662148368662	4.20039309878	-2.13709562131
-0.662148572917	4.20039298462	-2.13709566162
-0.662148755677	4.20039288082	-2.13709576005
-0.662148920578	4.20039278562	-2.13709590678
-0.662149070642	4.20039269758	-2.13709609363
-0.662149208379	4.20039261547	-2.13709631382
-0.662149341106	4.2003925539	-2.13709644045
-0.662149454661	4.20039250878	-2.13709643499
-0.662511137546	4.20084475663	-2.17645933094
-0.663073334198	4.20145776558	-2.21808469077
-0.66365818133	4.20204496151	-2.25969325922
-0.664267125438	4.20260783792	-2.30130555165
-0.664896848543	4.20314395516	-2.34288239768
-0.665552565048	4.20364997035	-2.38450314633
-0.66624535682	4.2041206096	-2.42633407646
-0.666958276473	4.2045636655	-2.46827851619
-0.667690006953	4.20497733266	-2.51027786219
-0.668439101786	4.20536060348	-2.55231074376
-0.669204075053	4.20571270608	-2.59436045162
-0.669983413122	4.20603305082	-2.63641416505
-0.676302862954	4.19881384837	-2.6037047483
-0.688841283378	4.17869619964	-2.59851006096
-0.701761042058	4.15729343438	-2.59851145809
-0.714680381391	4.13589062167	-2.59851837533
-0.727599872295	4.11448768298	-2.59852784843
-0.740518932057	4.09308444768	-2.59853405478
-0.753437646982	4.07168115674	-2.59853621746
-0.766356332756	4.05027804039	-2.59853798213
-0.779275336286	4.02887489387	-2.59854341666
-0.792194151263	4.00747144913	-2.59855048942
-0.805112529202	3.98606792891	-2.59855402987
-0.818030655507	3.9646475276	-2.59841987524
-0.830964460627	3.94321468203	-2.59815252665
-0.843918810529	3.92177803769	-2.59787955948
-0.856869729594	3.90034106419	-2.59762685869
-0.869810301891	3.87895025001	-2.59753323144
-0.882750201424	3.85756102725	-2.59752250589
-0.89569082404	3.83617058245	-2.59751855018
-0.908631434629	3.8147802711	-2.59752132486
-0.921571895939	3.79339012517	-2.59752373303
-0.926110487068	3.78325121971	-2.61470389319
-0.926123689076	3.78323993229	-2.61471117558
-0.926123117217	3.78324121663	-2.6147039474
-0.926122683674	3.78324219195	-2.61469821543
-0.926122262656	3.78324311156	-2.61469355827
-0.926121914054	3.78324387609	-2.61468988072
-0.926121591459	3.78324457161	-2.61468697419
-0.926121309727	3.78324517595	-2.61468473659
-0.926121051443	3.78324572289	-2.61468304274
-0.926120818655	3.78324621155	-2.61468181045
-0.926120603845	3.78324665736	-2.6146809588
-0.926120405871	3.7832470642	-2.61468042715
-0.926120220925	3.78324744032	-2.6146801611
-0.926120047416	3.78324778982	-2.61468011738
-0.926119883134	3.78324811765	-2.61468025871
-0.926119726726	3.78324842711	-2.61468055466
-0.92611957679	3.7832487214	-2.61468097947
-0.926119432309	3.78324900295	-2.61468151186
-0.926119292347	3.78324927392	-2.61468213394
-0.926119156173	3.78324953604	-2.61468283089
-0.92611902315	3.78324979078	-2.61468359027
-0.92611889276	3.78325003937	-2.61468440175
-0.926118764565	3.78325028282	-2.6146852567
-0.92611206298	3.78324545579	-2.61458951853
-0.926104385402	3.78326127334	-2.61435017535
-0.926102370969	3.78324806625	-2.61410068763
-0.926094358747	3.78324239367	-2.61386794503
-0.926086184519	3.78325858983	-2.61363482589
-0.926082343862	3.78326124335	-2.61336324244
-0.926076584609	3.78324907699	-2.6131454915
-0.926068150797	3.78325624368	-2.61291437391
-0.926060359553	3.78327215805	-2.61267522322
-0.926781001359	3.78350421565	-2.65348987095
-0.927582086037	3.78377500379	-2.69550512502
-0.928394901669	3.78401192	-2.7375624344
-0.929217634567	3.78421482683	-2.77965183003
-0.930048504907	3.78438360777	-2.82176228102
-0.930885770547	3.78451818004	-2.86388273233
-0.931727736775	3.78461850793	-2.90600312496
-0.932572773117	3.78468460676	-2.94811530619
-0.933415762621	3.78471654601	-2.99010292366
-0.936372201577	3.77728329437	-2.96326379609
-0.940771106375	3.75568127386	-2.95780471931
-0.945340677819	3.73110459169	-2.95786654666
-0.949910492174	3.70652461873	-2.95793701647
-0.954477864732	3.68193958582	-2.95797738611
-0.959042451877	3.65735657302	-2.95799867891
-0.963606217882	3.63277742273	-2.9580292212
-0.968170411583	3.6081981836	-2.95807087718
-0.972733932561	3.58361574385	-2.9580998468
-0.977295904122	3.55903292254	-2.95811471656
-0.981857044378	3.53445229081	-2.95813053776
-0.986418104748	3.50987262148	-2.95815474404
-0.990978941018	3.48529146896	-2.95817486796
-0.995539080862	3.46070929663	-2.95818562056
-1.00009869548	3.43612802304	-2.95819502887
-1.00465806305	3.41154773614	-2.958209521
-1.00921716973	3.38696700416	-2.95822398953
-1.01377591806	3.3623854018	-2.95823175543
-1.01833447818	3.3378039581	-2.95823819996
-1.02289284682	3.31322320213	-2.95824773425
-1.02745091403	3.28864246577	-2.95825901925
-1.0286945702	3.27468633327	-2.97528008705
-1.02871137481	3.27426688741	-2.97613977001
-1.02870892394	3.27426863058	-2.97604112892
-1.02870684193	3.27427076563	-2.97595676187
-1.02870513427	3.27427218143	-2.97588605716
-1.02870366904	3.27427357708	-2.97582616461
-1.02870245179	3.27427461918	-2.97577586623
-1.02870142015	3.27427555466	-2.97573344361
-1.02870055965	3.27427628985	-2.97569783279
-1.02869983606	3.27427691855	-2.97566790795
-1.02869923297	3.27427742114	-2.97564284372
-1.02927017762	3.27436472677	-3.01310293503
-1.02991952716	3.27444947449	-3.05197297387
-1.03056674212	3.2745187619	-3.09076970791
-1.03121845111	3.27456718443	-3.12971168675
-1.03203382499	3.2744680461	3.11176825468
-1.0328647816	3.27432476284	3.06979093707
-1.03368852595	3.27414877567	3.02781091912
-1.03450435658	3.2739396279	2.98581892132
-1.03531017649	3.27369726576	2.94383365605
-1.03610471069	3.27342142105	2.90185531977
-1.03688613304	3.27311219568	2.85989661194
-1.03765296792	3.27276977186	2.81796219562
-1.03840359037	3.27239470877	2.77606164441
-1.03913660482	3.27198777651	2.73420021436
-1.03985066634	3.27155006136	2.69238459351
-1.03350336757	3.26444467118	2.64617669581
-1.02189699446	3.24400042643	2.64014287737
-1.00987925129	3.22207834589	2.64014148998
-0.997861767933	3.20015626137	2.64013960934
-0.985844468399	3.17823402402	2.64013268113
-0.973827144339	3.15631204805	2.64012365628
-0.961809304764	3.13439028494	2.64011670687
-0.949791158589	3.11246846584	2.64011355113
-0.937773235551	3.09054656641	2.64010824196
-0.9257592443	3.06862114925	2.64010764816
-0.913741742493	3.04669486862	2.64005980084
-0.901722446603	3.02477349579	2.64003471304
-0.8897026427	3.00285207984	2.64002378273
-0.877682893044	2.98093150515	2.64001388487
-0.865663024312	2.95901165334	2.63999538411
-0.853642458528	2.93709150737	2.63997663425
-0.841621344991	2.91517102943	2.63996610507
-0.829600160347	2.89325087712	2.63995851541
-0.817578998963	2.87133126833	2.63994656822
-0.805557444332	2.84941177025	2.63993158262
-0.79353537091	2.82749205882	2.63992103362
-0.781513112546	2.8055723988	2.63991401523
-0.769490898326	2.78365311445	2.63990499607
-0.757468492048	2.76173407586	2.63989244361
-0.745445613827	2.73981497551	2.63988146923
-0.74139055748	2.72911919359	2.65757187251
-0.741374737231	2.72909948472	2.6575777135
-0.74137528185	2.72909785177	2.65754412588
-0.741375664227	2.72909639944	2.65751599141
-0.741376019264	2.72909528257	2.65749220419
-0.741376296514	2.72909432564	2.65747183606
-0.740790595681	2.72928723342	2.69727707846
-0.739991697707	2.72953761247	2.73914182585
-0.739181163657	2.72975482869	2.78102149827
-0.73836256148	2.72993833994	2.8228935014
-0.737536422731	2.73008769976	2.86476779661
-0.736704484359	2.73020266246	2.90664640034
-0.735868064584	2.73028307619	2.94853520074
-0.735028702681	2.73032893095	2.990437087
-0.734187883359	2.73034026854	3.0323534024
-0.733347141001	2.7303171618	3.07428255709
-0.732508010598	2.73025967743	3.11622070433
-0.731672051018	2.73016788219	-3.12502324711
-0.73084083321	2.73004185686	-3.08308540175
-0.730015935687	2.72988171924	-3.04115768291
-0.729198927913	2.72968763668	-2.99924551788
-0.728391352879	2.7294598284	-2.9573522275
-0.727594707436	2.72919856085	-2.91547835275
-0.726810424461	2.72890414961	-2.87362137763
-0.726039857629	2.72857697897	-2.83177601746
-0.725284264113	2.72821754168	-2.78993491577
-0.724544801958	2.72782649162	-2.74809018099
-0.72382254299	2.72740468563	-2.70623537832
-0.723118509363	2.72695319056	-2.66436759075
-0.722433728755	2.72647324508	-2.62248903761
-0.721769288727	2.72596619011	-2.58060782172
-0.721126364206	2.7254334009	-2.53873768777
-0.720506200126	2.72487625189	-2.49689703016
-0.719910051673	2.72429612514	-2.4551076571
-0.727343085463	2.7175325695	-2.42903950563
-0.743464445271	2.69941798168	-2.42520378968
-0.759880082657	2.680562345	-2.42525512773
-0.776295598382	2.66170660748	-2.42526732739
-0.792710587379	2.64285163678	-2.42527264532
-0.809126108938	2.62399582064	-2.42527706215
-0.82554121022	2.6051402808	-2.42528223021
-0.841956253987	2.58628451747	-2.42528871044
-0.858371086403	2.56742882761	-2.42529307373
-0.87478594021	2.5485729832	-2.42529643564
-0.89120076865	2.5297170551	-2.42530033193
-0.897942105675	2.52154172112	-2.41986384098
-0.897445168442	2.52094140236	-2.37859109936
-0.896936354288	2.52028281114	-2.3370210101
-0.896466878081	2.51958648117	-2.29523505117
-0.896027848305	2.51886804068	-2.25336680626
-0.895618588788	2.51812989202	-2.21141088131
-0.895239552541	2.51737396483	-2.16938514013
-0.894891245337	2.51660210338	-2.12730824219
-0.894574220369	2.51581606812	-2.08519851353
-0.894289024855	2.51501755875	-2.04307282005
-0.894036128746	2.51420823364	-2.0009456503
-0.893815870638	2.51338971137	-1.95882848251
-0.893628442604	2.51256355347	-1.91672941686
-0.901053389807	2.5074960634	-1.95546265186
-0.922249460699	2.49832047585	-1.96254454182
-0.945351891774	2.4887757356	-1.96247143724
-0.968457337104	2.47923224237	-1.96236336839
-0.991566323737	2.46969079961	-1.96231127031
-1.01467480094	2.46015105128	-1.96230556125
-1.0377815986	2.45061192901	-1.96228720989
-1.0608887792	2.44107300317	-1.96224212967
-1.0839979457	2.43153477963	-1.96221069618
-1.10710754231	2.42199724568	-1.96220567085
-1.13021628872	2.4124601128	-1.96220382146
-1.14254067058	2.40943257119	-1.93100928682
-1.1427244008	2.40889930453	-1.89399075784
-1.14250192267	2.40830855951	-1.8550881749
-1.14230777184	2.40769353128	-1.81564687916
-1.14214904937	2.40710797818	-1.77723230761
-1.14199549153	2.40649698495	-1.73796601274
-1.14186544965	2.40587488705	-1.69849041555
-1.141767067	2.4052735365	-1.6597724467
-1.14169363294	2.40466476799	-1.62079888802
-1.1417675732	2.40382869127	-1.57889262445
-1.14187549923	2.40299459808	-1.53697870408
-1.14922052553	2.4037303763	-1.52710973695
-1.17075657012	2.40482520941	-1.52516318895
-1.19572869166	2.40596661265	-1.52519057616
-1.22070101935	2.40710420234	-1.52526344587
-1.24567308335	2.40824203439	-1.52529622529
-1.27064601778	2.40938112374	-1.52528475864
-1.29561907223	2.41051971089	-1.52528597642
-1.32059209038	2.41165633129	-1.5253236672
-1.34556504881	2.41279216834	-1.52535887182
-1.37053837057	2.41392849077	-1.52536231176
-1.39551188095	2.41506482193	-1.52535814148
-1.41005216811	2.41527742363	-1.53239447953
-1.41065071306	2.41528345217	-1.53275017191
-1.41064783805	2.41528322837	-1.53276244689
-1.41064521064	2.4152830788	-1.53276499441
-1.41064282933	2.41528295113	-1.5327659898
-1.41064066714	2.41528283588	-1.53276671108
-1.41063869643	2.4152827304	-1.53276736137
-1.41063689247	2.41528263327	-1.53276797595
-1.41063523357	2.41528254336	-1.53276856348
-1.41063370082	2.41528245975	-1.5327691281
-1.41063227775	2.41528238159	-1.53276967286
-1.41063095004	2.41528230819	-1.53277020037
-1.41062970521	2.41528223891	-1.53277071286
-1.4106285324	2.41528217321	-1.5327712123
-1.41062742216	2.41528211064	-1.53277170039
-1.4106263663	2.41528205077	-1.53277217861
-1.41062535768	2.41528199325	-1.53277264825
-1.41062439009	2.41528193777	-1.53277311044
-1.41062345815	2.41528188407	-1.53277356615
-1.41062223767	2.41528175754	-1.53277337411
-1.41062161377	2.4152817096	-1.53277368832
-1.41062086218	2.41528166295	-1.53277422683
-1.41062021896	2.41528162643	-1.53277509044
-1.41061954443	2.41528159358	-1.53277616166
-1.41061891448	2.41528156685	-1.53277745585
-1.41061828218	2.41528154375	-1.53277891919
-1.41061767134	2.41528152477	-1.53278054336
-1.41061706569	2.41528150881	-1.53278229917
-1.41061647224	2.41528149579	-1.53278417386
-1.41061588498	2.41528148514	-1.53278614912
-1.41061530561	2.41528147666	-1.53278821321
-1.41061473167	2.41528147	-1.53279035356
-1.41061416325	2.41528146495	-1.53279256061
-1.41061359916	2.41528146129	-1.53279482527
-1.41060038886	2.41528070787	-1.53279498401
-1.41053707669	2.41527930272	-1.53278496357
-1.41047328708	2.41527644605	-1.53275302281
-1.41040934802	2.41527500656	-1.53273307885
-1.41034541518	2.41527213825	-1.53269877951
-1.41028145141	2.41527069425	-1.53267832976
-1.41021751281	2.41526782328	-1.53264392104
-1.41015354793	2.41526637695	-1.53262343768
-1.41008960904	2.41526350376	-1.53258901031
-1.41002564398	2.4152620552	-1.53256851157
-1.40996170501	2.41525917979	-1.53253406902
-1.4098977398	2.41525772899	-1.53251355559
-1.40983380076	2.41525485138	-1.53247909799
-1.4097698354	2.41525339835	-1.53245856987
-1.40970589629	2.41525051853	-1.53242409721
-1.40964193078	2.41524906326	-1.53240355438
-1.4095779916	2.41524618122	-1.53236906664
-1.40951402593	2.41524472372	-1.5323485091
-1.40945008668	2.41524183947	-1.53231400626
-1.40938612086	2.41524037974	-1.53229343399
-1.40932218154	2.41523749328	-1.53225891604
-1.40925821557	2.4152360313	-1.53223832902
-1.40919427618	2.41523314263	-1.53220379595
-1.40913031006	2.41523167842	-1.53218319416
-1.40906637059	2.41522878753	-1.53214864595
-1.40900240432	2.41522732108	-1.53212802937
-1.40893846478	2.41522442798	-1.53209346601
-1.41026060384	2.41441227462	-1.53311662923
-1.41195023252	2.41400530443	-1.53295689239
-1.41224643075	2.41399043246	-1.53234151689
-1.41251154728	2.41396545059	-1.53254938887
-1.41282042954	2.41396892041	-1.53270969185
-1.41322952404	2.4139192676	-1.5338280301
-1.41356327601	2.41389803069	-1.53415607957
-1.41392115962	2.41388317707	-1.53445173718
-1.4142661003	2.41387260378	-1.53418678019
-1.41465910938	2.41382508891	-1.53407416395
-1.41498135514	2.41381629204	-1.53373258937
-1.41531385663	2.4138121413	-1.53306428317
-1.41565223363	2.41380126886	-1.53235379153
-1.41597194841	2.41378672949	-1.53197863425
-1.41629271223	2.41378153605	-1.53114355931
-1.41666202331	2.4137468254	-1.53077475842
-1.41698838368	2.41374860723	-1.53053252833
-1.41734097881	2.41373265849	-1.53008869557
-1.41765287604	2.41372301242	-1.52967497425
-1.41798039302	2.41371710984	-1.52902216483
-1.41831682477	2.41370442937	-1.52831273762
-1.41870015203	2.41366458998	-1.527817599
-1.41900619546	2.41366520207	-1.52727198239
-1.41932577213	2.41365680574	-1.52627035248
-1.41962568817	2.4136584289	-1.52585590689
-1.41996135268	2.41364288343	-1.52510454171
-1.42027243675	2.41363353573	-1.52413561766
-1.42060178638	2.41362708186	-1.52315993552
-1.42093443917	2.41360414492	-1.5223904983
-1.42126454284	2.41359453554	-1.52164152417
-1.42155210525	2.41359575978	-1.52072380473
-1.42187627523	2.41357645912	-1.52007221217
-1.42220117586	2.41352870606	-1.51951448445
-1.42252241048	2.41352607412	-1.5188019148
-1.42283829348	2.41352760376	-1.51820456672
-1.42317622078	2.41351159961	-1.51758627855
-1.42350698153	2.41351329259	-1.51710870278
-1.42379949441	2.4135084425	-1.51657274147
-1.42410534543	2.41350390628	-1.51602766746
-1.42441992188	2.41349509217	-1.51517358195
-1.42473753463	2.41348967375	-1.5142965617
-1.42504002627	2.4134930593	-1.51351734403
-1.42536304177	2.41348484729	-1.51251754012
-1.4256764392	2.41347672562	-1.51128334056
-1.42595080924	2.41347307331	-1.51058561068
-1.42624917836	2.41347242913	-1.50981358418
-1.42656600023	2.41347153272	-1.50894286498
-1.42685421714	2.41347553287	-1.50819089198
-1.42714959478	2.4134704838	-1.50755097133
-1.42746274356	2.41346626601	-1.50648946945
-1.427762702	2.41346247541	-1.50533702298
-1.42809035338	2.41344977282	-1.50425341774
-1.42838412528	2.41345982712	-1.50359328391
-1.42867338769	2.41345070522	-1.50265129858
-1.42899323502	2.41344529143	-1.5016405951
-1.42929833437	2.41344222359	-1.50057085722
-1.42962581078	2.41343618537	-1.49941075611
-1.42992757516	2.41344001801	-1.49846241628
-1.43025164083	2.4134286486	-1.49727257142
-1.43055391582	2.41343031955	-1.49638737056
-1.43088732415	2.41342034845	-1.4952156701
-1.43118452043	2.41341538744	-1.49483442567
-1.4315116039	2.41340972104	-1.4939667316
-1.43182993072	2.41339753238	-1.49282873498
-1.43213943401	2.41340727425	-1.4919197226
-1.43246984238	2.41340842697	-1.49106063496
-1.43279701152	2.41340043289	-1.49010392916
-1.43310220853	2.41341398078	-1.48931685749
-1.4334196206	2.41341141625	-1.48830447913
-1.43372827928	2.41340999601	-1.48744356699
-1.43404932749	2.41340643614	-1.48625058163
-1.43437146526	2.41340098767	-1.48499665162
-1.43467802951	2.41340907953	-1.48389146648
-1.43499805267	2.4134014819	-1.48263310152
-1.43531404709	2.41340859407	-1.48146278855
-1.43563904508	2.41340103003	-1.48052683689
-1.43595097425	2.41339851381	-1.47950613597
-1.43624499903	2.41340878101	-1.47874589809
-1.4365466953	2.41340353221	-1.47807810511
-1.43686999153	2.41340192389	-1.47728950149
-1.43721835835	2.41339647837	-1.47620009341
